<?xml version="1.0" encoding="UTF-8"?>
<metadata xml:lang="en"><Esri><CreaDate>20210928</CreaDate><CreaTime>12175100</CreaTime><ArcGISFormat>1.0</ArcGISFormat><SyncOnce>TRUE</SyncOnce><DataProperties><lineage><Process Name="Con" ToolSource="c:\program files (x86)\arcgis\desktop10.4\ArcToolbox\Toolboxes\Spatial Analyst Tools.tbx\Con" Date="20200303" Time="123742">Con "C:\GIS_MAPHALE\Maphale Monyeki\RLE\Terrestrial_RLE_032020\Raster version\Output Datasets\HM60L1_18_120" "C:\GIS_MAPHALE\Maphale Monyeki\RLE\Terrestrial_RLE_032020\Raster version\Output Datasets\VM120m_22_7" "C:\GIS_MAPHALE\Maphale Monyeki\RLE\Terrestrial_RLE_032020\Raster version\Output Datasets\Remn_120m.tif" 999 ""VALUE" = 0"</Process></lineage><itemProps><itemLocation><linkage Sync="TRUE">file://\\CPTLTP0194\C$\Maphale Monyeki Projects\ALS Computer\Terrestrial_RLE_032020\Raster version\Rscripts\GitHub RLE scripts\Criterion B\Remn_120m.tif</linkage><protocol Sync="TRUE">Local Area Network</protocol></itemLocation></itemProps><copyHistory><copy source="C:\Maphale Monyeki Projects\ALS Computer\Terrestrial_RLE_032020\Mxd\RLE_032020\commondata\raster_data\Remn_120m.tif" dest="\\CPTLTP0194\C$\Maphale Monyeki Projects\ALS Computer\Terrestrial_RLE_032020\Raster version\Rscripts\GitHub RLE scripts\Criterion B\Remn_120m.tif" date="20210928" time="12175100"></copy></copyHistory></DataProperties></Esri></metadata>
