"","in.raster","eco.class","grid.size","eco.area.km2","eoo.area.km2","eoo.status","aoo.occ","aoo.1pc","aoo.status","B1B2.overall","start.time"
"1",NA,NA,NA,NA,NA,NA,NA,NA,NA,NA,NA
"2","C:\GIS_MAPHALE\Maphale Monyeki\RLE\Terrestrial_RLE_032020\Raster version\Output Datasets\Remn_120m.tif",1,10000,367.92,6479.0712,"EN",53,35,"VU","EN",1583233824.75162
"3","C:\GIS_MAPHALE\Maphale Monyeki\RLE\Terrestrial_RLE_032020\Raster version\Output Datasets\Remn_120m.tif",2,10000,904.176,3051.6408,"EN",38,31,"VU","EN",1583233916.26981
"4","C:\GIS_MAPHALE\Maphale Monyeki\RLE\Terrestrial_RLE_032020\Raster version\Output Datasets\Remn_120m.tif",3,10000,265.6368,2005.1928,"EN",25,21,"VU","EN",1583234023.18434
"5","C:\GIS_MAPHALE\Maphale Monyeki\RLE\Terrestrial_RLE_032020\Raster version\Output Datasets\Remn_120m.tif",4,10000,120.7728,1239.6672,"CR",20,18,"EN","CR",1583234128.64103
"6","C:\GIS_MAPHALE\Maphale Monyeki\RLE\Terrestrial_RLE_032020\Raster version\Output Datasets\Remn_120m.tif",5,10000,292.7952,11896.5312,"EN",67,53,"LC","EN",1583234233.86452
"7","C:\GIS_MAPHALE\Maphale Monyeki\RLE\Terrestrial_RLE_032020\Raster version\Output Datasets\Remn_120m.tif",6,10000,14.5008,41.7816,"CR",5,4,"EN","CR",1583234340.2757
"8","C:\GIS_MAPHALE\Maphale Monyeki\RLE\Terrestrial_RLE_032020\Raster version\Output Datasets\Remn_120m.tif",7,10000,51.1056,157.1832,"CR",6,4,"EN","CR",1583234444.16473
"9","C:\GIS_MAPHALE\Maphale Monyeki\RLE\Terrestrial_RLE_032020\Raster version\Output Datasets\Remn_120m.tif",8,10000,684.7056,5263.4952,"EN",42,31,"VU","EN",1583234552.7604
"10","C:\GIS_MAPHALE\Maphale Monyeki\RLE\Terrestrial_RLE_032020\Raster version\Output Datasets\Remn_120m.tif",9,10000,577.296,4472.7984,"EN",48,43,"VU","EN",1583234659.08382
"11","C:\GIS_MAPHALE\Maphale Monyeki\RLE\Terrestrial_RLE_032020\Raster version\Output Datasets\Remn_120m.tif",10,10000,1038.024,5881.7016,"EN",60,55,"LC","EN",1583234766.02911
"12","C:\GIS_MAPHALE\Maphale Monyeki\RLE\Terrestrial_RLE_032020\Raster version\Output Datasets\Remn_120m.tif",11,10000,267.8112,2788.488,"EN",32,27,"VU","EN",1583234871.3469
"13","C:\GIS_MAPHALE\Maphale Monyeki\RLE\Terrestrial_RLE_032020\Raster version\Output Datasets\Remn_120m.tif",12,10000,1.4112,11.2248,"CR",2,0,"CR","CR",1583234975.99235
"14","C:\GIS_MAPHALE\Maphale Monyeki\RLE\Terrestrial_RLE_032020\Raster version\Output Datasets\Remn_120m.tif",13,10000,139.9824,458.2584,"CR",9,9,"EN","CR",1583235081.141
"15","C:\GIS_MAPHALE\Maphale Monyeki\RLE\Terrestrial_RLE_032020\Raster version\Output Datasets\Remn_120m.tif",14,10000,5694.7536,15283.44,"EN",137,129,"LC","EN",1583235186.58408
"16","C:\GIS_MAPHALE\Maphale Monyeki\RLE\Terrestrial_RLE_032020\Raster version\Output Datasets\Remn_120m.tif",15,10000,153.6192,1611.684,"CR",23,20,"EN","CR",1583235292.41055
"17","C:\GIS_MAPHALE\Maphale Monyeki\RLE\Terrestrial_RLE_032020\Raster version\Output Datasets\Remn_120m.tif",16,10000,4247.1648,13720.104,"EN",127,120,"LC","EN",1583235399.36449
"18","C:\GIS_MAPHALE\Maphale Monyeki\RLE\Terrestrial_RLE_032020\Raster version\Output Datasets\Remn_120m.tif",17,10000,2155.5072,7245.504,"EN",77,74,"LC","EN",1583235505.35503
"19","C:\GIS_MAPHALE\Maphale Monyeki\RLE\Terrestrial_RLE_032020\Raster version\Output Datasets\Remn_120m.tif",18,10000,1438.2288,23487.4944,"VU",98,87,"LC","VU",1583235611.16171
"20","C:\GIS_MAPHALE\Maphale Monyeki\RLE\Terrestrial_RLE_032020\Raster version\Output Datasets\Remn_120m.tif",19,10000,200.8368,366.984,"CR",8,7,"EN","CR",1583235718.4687
"21","C:\GIS_MAPHALE\Maphale Monyeki\RLE\Terrestrial_RLE_032020\Raster version\Output Datasets\Remn_120m.tif",20,10000,338.8896,2974.1976,"EN",28,26,"VU","EN",1583235824.20133
"22","C:\GIS_MAPHALE\Maphale Monyeki\RLE\Terrestrial_RLE_032020\Raster version\Output Datasets\Remn_120m.tif",21,10000,2897.7984,8199.8424,"EN",60,56,"LC","EN",1583235929.35984
"23","C:\GIS_MAPHALE\Maphale Monyeki\RLE\Terrestrial_RLE_032020\Raster version\Output Datasets\Remn_120m.tif",22,10000,806.9616,2983.86,"EN",35,30,"VU","EN",1583236035.53787
"24","C:\GIS_MAPHALE\Maphale Monyeki\RLE\Terrestrial_RLE_032020\Raster version\Output Datasets\Remn_120m.tif",23,10000,73.6128,4090.3128,"EN",24,19,"EN","EN",1583236144.03775
"25","C:\GIS_MAPHALE\Maphale Monyeki\RLE\Terrestrial_RLE_032020\Raster version\Output Datasets\Remn_120m.tif",24,10000,2450.1888,37092.6648,"VU",248,227,"LC","VU",1583236274.41169
"26","C:\GIS_MAPHALE\Maphale Monyeki\RLE\Terrestrial_RLE_032020\Raster version\Output Datasets\Remn_120m.tif",25,10000,1063.584,13111.5096,"EN",87,75,"LC","EN",1583236382.21068
"27","C:\GIS_MAPHALE\Maphale Monyeki\RLE\Terrestrial_RLE_032020\Raster version\Output Datasets\Remn_120m.tif",26,10000,118.368,417.564,"CR",10,9,"EN","CR",1583236511.70547
"28","C:\GIS_MAPHALE\Maphale Monyeki\RLE\Terrestrial_RLE_032020\Raster version\Output Datasets\Remn_120m.tif",27,10000,1408.9248,5345.9424,"EN",48,42,"VU","EN",1583236621.21839
"29","C:\GIS_MAPHALE\Maphale Monyeki\RLE\Terrestrial_RLE_032020\Raster version\Output Datasets\Remn_120m.tif",28,10000,9228.9312,58537.2528,"LC",449,416,"LC","LC",1583236729.07928
"30","C:\GIS_MAPHALE\Maphale Monyeki\RLE\Terrestrial_RLE_032020\Raster version\Output Datasets\Remn_120m.tif",29,10000,19.8864,110.8656,"CR",5,3,"EN","CR",1583236856.70753
"31","C:\GIS_MAPHALE\Maphale Monyeki\RLE\Terrestrial_RLE_032020\Raster version\Output Datasets\Remn_120m.tif",30,10000,4841.2224,32503.0608,"VU",217,195,"LC","VU",1583236990.04607
"32","C:\GIS_MAPHALE\Maphale Monyeki\RLE\Terrestrial_RLE_032020\Raster version\Output Datasets\Remn_120m.tif",31,10000,2611.8,7456.824,"EN",84,79,"LC","EN",1583237103.21133
"33","C:\GIS_MAPHALE\Maphale Monyeki\RLE\Terrestrial_RLE_032020\Raster version\Output Datasets\Remn_120m.tif",32,10000,66.744,12566.2104,"EN",32,16,"EN","EN",1583237219.46535
"34","C:\GIS_MAPHALE\Maphale Monyeki\RLE\Terrestrial_RLE_032020\Raster version\Output Datasets\Remn_120m.tif",33,10000,20.1888,122.9616,"CR",3,2,"CR","CR",1583237333.22648
"35","C:\GIS_MAPHALE\Maphale Monyeki\RLE\Terrestrial_RLE_032020\Raster version\Output Datasets\Remn_120m.tif",34,10000,602.4528,1561.4496,"CR",22,20,"EN","CR",1583237450.64001
"36","C:\GIS_MAPHALE\Maphale Monyeki\RLE\Terrestrial_RLE_032020\Raster version\Output Datasets\Remn_120m.tif",35,10000,804.6,3622.032,"EN",37,31,"VU","EN",1583237572.67199
"37","C:\GIS_MAPHALE\Maphale Monyeki\RLE\Terrestrial_RLE_032020\Raster version\Output Datasets\Remn_120m.tif",36,10000,284.3568,2696.328,"EN",34,26,"VU","EN",1583237689.11125
"38","C:\GIS_MAPHALE\Maphale Monyeki\RLE\Terrestrial_RLE_032020\Raster version\Output Datasets\Remn_120m.tif",37,10000,173.8368,2081.6352,"EN",22,17,"EN","EN",1583237803.16971
"39","C:\GIS_MAPHALE\Maphale Monyeki\RLE\Terrestrial_RLE_032020\Raster version\Output Datasets\Remn_120m.tif",38,10000,182.0448,2214.0648,"EN",29,25,"VU","EN",1583237916.88607
"40","C:\GIS_MAPHALE\Maphale Monyeki\RLE\Terrestrial_RLE_032020\Raster version\Output Datasets\Remn_120m.tif",39,10000,90.8352,1135.5192,"CR",14,12,"EN","CR",1583238032.90427
"41","C:\GIS_MAPHALE\Maphale Monyeki\RLE\Terrestrial_RLE_032020\Raster version\Output Datasets\Remn_120m.tif",40,10000,44.0928,854.0496,"CR",14,7,"EN","CR",1583238146.9798
"42","C:\GIS_MAPHALE\Maphale Monyeki\RLE\Terrestrial_RLE_032020\Raster version\Output Datasets\Remn_120m.tif",41,10000,205.9056,3729.5064,"EN",28,26,"VU","EN",1583238261.36152
"43","C:\GIS_MAPHALE\Maphale Monyeki\RLE\Terrestrial_RLE_032020\Raster version\Output Datasets\Remn_120m.tif",42,10000,622.5408,4766.76,"EN",47,37,"VU","EN",1583238369.24597
"44","C:\GIS_MAPHALE\Maphale Monyeki\RLE\Terrestrial_RLE_032020\Raster version\Output Datasets\Remn_120m.tif",43,10000,312.048,2317.2696,"EN",29,26,"VU","EN",1583238473.7568
"45","C:\GIS_MAPHALE\Maphale Monyeki\RLE\Terrestrial_RLE_032020\Raster version\Output Datasets\Remn_120m.tif",44,10000,94.4784,940.428,"CR",14,13,"EN","CR",1583238578.8689
"46","C:\GIS_MAPHALE\Maphale Monyeki\RLE\Terrestrial_RLE_032020\Raster version\Output Datasets\Remn_120m.tif",45,10000,41009.4144,114243.0624,"LC",713,685,"LC","LC",1583238685.9751
"47","C:\GIS_MAPHALE\Maphale Monyeki\RLE\Terrestrial_RLE_032020\Raster version\Output Datasets\Remn_120m.tif",46,10000,41005.368,63070.1712,"LC",576,562,"LC","LC",1583238822.59103
"48","C:\GIS_MAPHALE\Maphale Monyeki\RLE\Terrestrial_RLE_032020\Raster version\Output Datasets\Remn_120m.tif",47,10000,813.4272,10599.0336,"EN",82,67,"LC","EN",1583238958.5088
"49","C:\GIS_MAPHALE\Maphale Monyeki\RLE\Terrestrial_RLE_032020\Raster version\Output Datasets\Remn_120m.tif",48,10000,2672.784,39573.7416,"VU",111,95,"LC","VU",1583239066.76178
"50","C:\GIS_MAPHALE\Maphale Monyeki\RLE\Terrestrial_RLE_032020\Raster version\Output Datasets\Remn_120m.tif",49,10000,4835.3616,141817.7448,"LC",537,366,"LC","LC",1583239172.48562
"51","C:\GIS_MAPHALE\Maphale Monyeki\RLE\Terrestrial_RLE_032020\Raster version\Output Datasets\Remn_120m.tif",50,10000,614.5056,2423.16,"EN",31,26,"VU","EN",1583239299.87982
"52","C:\GIS_MAPHALE\Maphale Monyeki\RLE\Terrestrial_RLE_032020\Raster version\Output Datasets\Remn_120m.tif",51,10000,198.5616,2772.0936,"EN",27,18,"EN","EN",1583239407.67453
"53","C:\GIS_MAPHALE\Maphale Monyeki\RLE\Terrestrial_RLE_032020\Raster version\Output Datasets\Remn_120m.tif",52,10000,102.0096,1645.6608,"CR",22,13,"EN","CR",1583239515.67703
"54","C:\GIS_MAPHALE\Maphale Monyeki\RLE\Terrestrial_RLE_032020\Raster version\Output Datasets\Remn_120m.tif",53,10000,118.5696,11539.6488,"EN",59,36,"VU","EN",1583239620.94462
"55","C:\GIS_MAPHALE\Maphale Monyeki\RLE\Terrestrial_RLE_032020\Raster version\Output Datasets\Remn_120m.tif",54,10000,216.0432,190945.0296,"LC",159,40,"VU","VU",1583239725.86671
"56","C:\GIS_MAPHALE\Maphale Monyeki\RLE\Terrestrial_RLE_032020\Raster version\Output Datasets\Remn_120m.tif",55,10000,36.7056,1252.7856,"CR",14,9,"EN","CR",1583239830.65965
"57","C:\GIS_MAPHALE\Maphale Monyeki\RLE\Terrestrial_RLE_032020\Raster version\Output Datasets\Remn_120m.tif",56,10000,5651.7408,30589.812,"VU",177,165,"LC","VU",1583239935.66828
"58","C:\GIS_MAPHALE\Maphale Monyeki\RLE\Terrestrial_RLE_032020\Raster version\Output Datasets\Remn_120m.tif",57,10000,276.7536,813.7224,"CR",11,11,"EN","CR",1583240043.66482
"59","C:\GIS_MAPHALE\Maphale Monyeki\RLE\Terrestrial_RLE_032020\Raster version\Output Datasets\Remn_120m.tif",58,10000,2241.3888,4957.488,"EN",56,53,"LC","EN",1583240150.80454
"60","C:\GIS_MAPHALE\Maphale Monyeki\RLE\Terrestrial_RLE_032020\Raster version\Output Datasets\Remn_120m.tif",59,10000,54.864,6678.6264,"EN",39,28,"VU","EN",1583240257.47157
"61","C:\GIS_MAPHALE\Maphale Monyeki\RLE\Terrestrial_RLE_032020\Raster version\Output Datasets\Remn_120m.tif",60,10000,10588.6656,33980.5296,"VU",266,254,"LC","VU",1583240347.28405
"62","C:\GIS_MAPHALE\Maphale Monyeki\RLE\Terrestrial_RLE_032020\Raster version\Output Datasets\Remn_120m.tif",61,10000,98.4816,6863.4504,"EN",53,35,"VU","EN",1583240396.13267
"63","C:\GIS_MAPHALE\Maphale Monyeki\RLE\Terrestrial_RLE_032020\Raster version\Output Datasets\Remn_120m.tif",62,10000,129.1536,776.0232,"CR",13,10,"EN","CR",1583240463.4806
"64","C:\GIS_MAPHALE\Maphale Monyeki\RLE\Terrestrial_RLE_032020\Raster version\Output Datasets\Remn_120m.tif",63,10000,1199.8368,3278.3112,"EN",39,32,"VU","EN",1583240570.15759
"65","C:\GIS_MAPHALE\Maphale Monyeki\RLE\Terrestrial_RLE_032020\Raster version\Output Datasets\Remn_120m.tif",64,10000,1199.9952,2121.696,"EN",31,30,"VU","EN",1583240677.7257
"66","C:\GIS_MAPHALE\Maphale Monyeki\RLE\Terrestrial_RLE_032020\Raster version\Output Datasets\Remn_120m.tif",65,10000,204.2064,4168.6416,"EN",42,34,"VU","EN",1583240785.44342
"67","C:\GIS_MAPHALE\Maphale Monyeki\RLE\Terrestrial_RLE_032020\Raster version\Output Datasets\Remn_120m.tif",66,10000,11007.0576,42233.436,"VU",325,312,"LC","VU",1583240892.92531
"68","C:\GIS_MAPHALE\Maphale Monyeki\RLE\Terrestrial_RLE_032020\Raster version\Output Datasets\Remn_120m.tif",67,10000,214.9632,1749.276,"CR",22,17,"EN","CR",1583240999.89084
"69","C:\GIS_MAPHALE\Maphale Monyeki\RLE\Terrestrial_RLE_032020\Raster version\Output Datasets\Remn_120m.tif",68,10000,12.0384,411.2568,"CR",10,5,"EN","CR",1583241104.05774
"70","C:\GIS_MAPHALE\Maphale Monyeki\RLE\Terrestrial_RLE_032020\Raster version\Output Datasets\Remn_120m.tif",69,10000,133.4304,624.2256,"CR",12,8,"EN","CR",1583241209.83389
"71","C:\GIS_MAPHALE\Maphale Monyeki\RLE\Terrestrial_RLE_032020\Raster version\Output Datasets\Remn_120m.tif",70,10000,429.5232,919.7856,"CR",16,14,"EN","CR",1583241315.01723
"72","C:\GIS_MAPHALE\Maphale Monyeki\RLE\Terrestrial_RLE_032020\Raster version\Output Datasets\Remn_120m.tif",71,10000,269.064,1781.244,"CR",22,17,"EN","CR",1583241420.48081
"73","C:\GIS_MAPHALE\Maphale Monyeki\RLE\Terrestrial_RLE_032020\Raster version\Output Datasets\Remn_120m.tif",72,10000,661.464,1663.704,"CR",23,21,"VU","CR",1583241525.37489
"74","C:\GIS_MAPHALE\Maphale Monyeki\RLE\Terrestrial_RLE_032020\Raster version\Output Datasets\Remn_120m.tif",73,10000,1970.1792,7803.6624,"EN",66,60,"LC","EN",1583241630.22758
"75","C:\GIS_MAPHALE\Maphale Monyeki\RLE\Terrestrial_RLE_032020\Raster version\Output Datasets\Remn_120m.tif",74,10000,127.6416,141.156,"CR",3,3,"EN","CR",1583241736.47186
"76","C:\GIS_MAPHALE\Maphale Monyeki\RLE\Terrestrial_RLE_032020\Raster version\Output Datasets\Remn_120m.tif",75,10000,451.584,4073.9256,"EN",27,25,"VU","EN",1583241844.40956
"77","C:\GIS_MAPHALE\Maphale Monyeki\RLE\Terrestrial_RLE_032020\Raster version\Output Datasets\Remn_120m.tif",76,10000,2605.392,11814.6888,"EN",83,74,"LC","EN",1583241950.36777
"78","C:\GIS_MAPHALE\Maphale Monyeki\RLE\Terrestrial_RLE_032020\Raster version\Output Datasets\Remn_120m.tif",77,10000,21.4416,7286.9256,"EN",26,8,"EN","EN",1583242055.72574
"79","C:\GIS_MAPHALE\Maphale Monyeki\RLE\Terrestrial_RLE_032020\Raster version\Output Datasets\Remn_120m.tif",78,10000,2753.2224,11927.8656,"EN",95,90,"LC","EN",1583242162.67336
"80","C:\GIS_MAPHALE\Maphale Monyeki\RLE\Terrestrial_RLE_032020\Raster version\Output Datasets\Remn_120m.tif",79,10000,7647.5232,54054.8856,"LC",285,266,"LC","LC",1583242268.09598
"81","C:\GIS_MAPHALE\Maphale Monyeki\RLE\Terrestrial_RLE_032020\Raster version\Output Datasets\Remn_120m.tif",80,10000,1358.2224,21487.068,"VU",126,106,"LC","VU",1583242375.82657
"82","C:\GIS_MAPHALE\Maphale Monyeki\RLE\Terrestrial_RLE_032020\Raster version\Output Datasets\Remn_120m.tif",81,10000,7662.0672,17110.4112,"EN",171,157,"LC","EN",1583242481.5514
"83","C:\GIS_MAPHALE\Maphale Monyeki\RLE\Terrestrial_RLE_032020\Raster version\Output Datasets\Remn_120m.tif",82,10000,2330.2656,11314.584,"EN",92,81,"LC","EN",1583242588.1422
"84","C:\GIS_MAPHALE\Maphale Monyeki\RLE\Terrestrial_RLE_032020\Raster version\Output Datasets\Remn_120m.tif",83,10000,4720.248,16727.5008,"EN",175,166,"LC","EN",1583242693.80427
"85","C:\GIS_MAPHALE\Maphale Monyeki\RLE\Terrestrial_RLE_032020\Raster version\Output Datasets\Remn_120m.tif",84,10000,30.2112,4368.924,"EN",45,11,"EN","EN",1583242823.29869
"86","C:\GIS_MAPHALE\Maphale Monyeki\RLE\Terrestrial_RLE_032020\Raster version\Output Datasets\Remn_120m.tif",85,10000,6035.976,30426.6456,"VU",257,238,"LC","VU",1583242930.43119
"87","C:\GIS_MAPHALE\Maphale Monyeki\RLE\Terrestrial_RLE_032020\Raster version\Output Datasets\Remn_120m.tif",86,10000,7511.5152,35392.3056,"VU",284,257,"LC","VU",1583243038.68556
"88","C:\GIS_MAPHALE\Maphale Monyeki\RLE\Terrestrial_RLE_032020\Raster version\Output Datasets\Remn_120m.tif",87,10000,1201.6656,6384.9672,"EN",60,50,"VU","EN",1583243148.38945
"89","C:\GIS_MAPHALE\Maphale Monyeki\RLE\Terrestrial_RLE_032020\Raster version\Output Datasets\Remn_120m.tif",88,10000,2085.7536,7810.8264,"EN",74,68,"LC","EN",1583243193.92285
"90","C:\GIS_MAPHALE\Maphale Monyeki\RLE\Terrestrial_RLE_032020\Raster version\Output Datasets\Remn_120m.tif",89,10000,2113.6176,11401.7904,"EN",71,68,"LC","EN",1583243300.42769
"91","C:\GIS_MAPHALE\Maphale Monyeki\RLE\Terrestrial_RLE_032020\Raster version\Output Datasets\Remn_120m.tif",90,10000,3890.1312,22999.824,"VU",191,178,"LC","VU",1583243406.29373
"92","C:\GIS_MAPHALE\Maphale Monyeki\RLE\Terrestrial_RLE_032020\Raster version\Output Datasets\Remn_120m.tif",91,10000,95.6448,4513.6944,"EN",54,35,"VU","EN",1583243511.55076
"93","C:\GIS_MAPHALE\Maphale Monyeki\RLE\Terrestrial_RLE_032020\Raster version\Output Datasets\Remn_120m.tif",92,10000,1379.88,4756.212,"EN",55,52,"LC","EN",1583243617.01774
"94","C:\GIS_MAPHALE\Maphale Monyeki\RLE\Terrestrial_RLE_032020\Raster version\Output Datasets\Remn_120m.tif",93,10000,8185.9824,18163.2168,"EN",159,154,"LC","EN",1583243722.65636
"95","C:\GIS_MAPHALE\Maphale Monyeki\RLE\Terrestrial_RLE_032020\Raster version\Output Datasets\Remn_120m.tif",94,10000,409.4928,4610.7144,"EN",57,49,"VU","EN",1583243833.55106
"96","C:\GIS_MAPHALE\Maphale Monyeki\RLE\Terrestrial_RLE_032020\Raster version\Output Datasets\Remn_120m.tif",95,10000,48103.6464,100911.3912,"LC",762,737,"LC","LC",1583243940.92851
"97","C:\GIS_MAPHALE\Maphale Monyeki\RLE\Terrestrial_RLE_032020\Raster version\Output Datasets\Remn_120m.tif",96,10000,7082.136,64112.5512,"LC",333,298,"LC","LC",1583244081.58776
"98","C:\GIS_MAPHALE\Maphale Monyeki\RLE\Terrestrial_RLE_032020\Raster version\Output Datasets\Remn_120m.tif",97,10000,260.28,504.1656,"CR",11,11,"EN","CR",1583244189.69671
"99","C:\GIS_MAPHALE\Maphale Monyeki\RLE\Terrestrial_RLE_032020\Raster version\Output Datasets\Remn_120m.tif",98,10000,196.7328,1199.196,"CR",21,18,"EN","CR",1583244295.0258
"100","C:\GIS_MAPHALE\Maphale Monyeki\RLE\Terrestrial_RLE_032020\Raster version\Output Datasets\Remn_120m.tif",99,10000,30.1824,694.8,"CR",8,6,"EN","CR",1583244400.36213
"101","C:\GIS_MAPHALE\Maphale Monyeki\RLE\Terrestrial_RLE_032020\Raster version\Output Datasets\Remn_120m.tif",100,10000,71.2368,1250.6544,"CR",18,13,"EN","CR",1583244503.95897
"102","C:\GIS_MAPHALE\Maphale Monyeki\RLE\Terrestrial_RLE_032020\Raster version\Output Datasets\Remn_120m.tif",101,10000,239.5008,3001.0608,"EN",32,25,"VU","EN",1583244608.06996
"103","C:\GIS_MAPHALE\Maphale Monyeki\RLE\Terrestrial_RLE_032020\Raster version\Output Datasets\Remn_120m.tif",102,10000,1232.7264,16502.7024,"EN",75,67,"LC","EN",1583244713.88088
"104","C:\GIS_MAPHALE\Maphale Monyeki\RLE\Terrestrial_RLE_032020\Raster version\Output Datasets\Remn_120m.tif",103,10000,909.9648,8439.5808,"EN",62,54,"LC","EN",1583244821.64347
"105","C:\GIS_MAPHALE\Maphale Monyeki\RLE\Terrestrial_RLE_032020\Raster version\Output Datasets\Remn_120m.tif",104,10000,769.392,1794.1032,"CR",26,23,"VU","CR",1583244927.94513
"106","C:\GIS_MAPHALE\Maphale Monyeki\RLE\Terrestrial_RLE_032020\Raster version\Output Datasets\Remn_120m.tif",105,10000,627.624,901.9368,"CR",17,15,"EN","CR",1583245033.23384
"107","C:\GIS_MAPHALE\Maphale Monyeki\RLE\Terrestrial_RLE_032020\Raster version\Output Datasets\Remn_120m.tif",106,10000,210.1968,5027.0976,"EN",24,19,"EN","EN",1583245137.24033
"108","C:\GIS_MAPHALE\Maphale Monyeki\RLE\Terrestrial_RLE_032020\Raster version\Output Datasets\Remn_120m.tif",107,10000,3457.4112,16748.4672,"EN",116,110,"LC","EN",1583245242.0266
"109","C:\GIS_MAPHALE\Maphale Monyeki\RLE\Terrestrial_RLE_032020\Raster version\Output Datasets\Remn_120m.tif",108,10000,5496.8256,13982.2272,"EN",147,138,"LC","EN",1583245347.36716
"110","C:\GIS_MAPHALE\Maphale Monyeki\RLE\Terrestrial_RLE_032020\Raster version\Output Datasets\Remn_120m.tif",109,10000,18.2592,549.18,"CR",13,5,"EN","CR",1583245453.0985
"111","C:\GIS_MAPHALE\Maphale Monyeki\RLE\Terrestrial_RLE_032020\Raster version\Output Datasets\Remn_120m.tif",110,10000,758.664,5282.1288,"EN",36,32,"VU","EN",1583245558.15808
"112","C:\GIS_MAPHALE\Maphale Monyeki\RLE\Terrestrial_RLE_032020\Raster version\Output Datasets\Remn_120m.tif",111,10000,484.8912,5379.8976,"EN",45,38,"VU","EN",1583245664.79911
"113","C:\GIS_MAPHALE\Maphale Monyeki\RLE\Terrestrial_RLE_032020\Raster version\Output Datasets\Remn_120m.tif",112,10000,20119.104,28787.1984,"VU",287,276,"LC","VU",1583245772.35846
"114","C:\GIS_MAPHALE\Maphale Monyeki\RLE\Terrestrial_RLE_032020\Raster version\Output Datasets\Remn_120m.tif",113,10000,161.9136,365.5008,"CR",11,9,"EN","CR",1583245883.65865
"115","C:\GIS_MAPHALE\Maphale Monyeki\RLE\Terrestrial_RLE_032020\Raster version\Output Datasets\Remn_120m.tif",114,10000,183.3408,916.452,"CR",15,15,"EN","CR",1583245988.37326
"116","C:\GIS_MAPHALE\Maphale Monyeki\RLE\Terrestrial_RLE_032020\Raster version\Output Datasets\Remn_120m.tif",115,10000,249.5088,5099.508,"EN",50,30,"VU","EN",1583246092.44764
"117","C:\GIS_MAPHALE\Maphale Monyeki\RLE\Terrestrial_RLE_032020\Raster version\Output Datasets\Remn_120m.tif",116,10000,702.4464,8223.0768,"EN",44,41,"VU","EN",1583246195.77273
"118","C:\GIS_MAPHALE\Maphale Monyeki\RLE\Terrestrial_RLE_032020\Raster version\Output Datasets\Remn_120m.tif",117,10000,18.4032,82.8648,"CR",6,6,"EN","CR",1583246301.77364
"119","C:\GIS_MAPHALE\Maphale Monyeki\RLE\Terrestrial_RLE_032020\Raster version\Output Datasets\Remn_120m.tif",118,10000,15095.1888,19570.4928,"EN",210,203,"LC","EN",1583246408.33037
"120","C:\GIS_MAPHALE\Maphale Monyeki\RLE\Terrestrial_RLE_032020\Raster version\Output Datasets\Remn_120m.tif",119,10000,170.928,185.8464,"CR",6,5,"EN","CR",1583246516.98972
"121","C:\GIS_MAPHALE\Maphale Monyeki\RLE\Terrestrial_RLE_032020\Raster version\Output Datasets\Remn_120m.tif",120,10000,1602.4608,25195.8456,"VU",99,85,"LC","VU",1583246624.59687
"122","C:\GIS_MAPHALE\Maphale Monyeki\RLE\Terrestrial_RLE_032020\Raster version\Output Datasets\Remn_120m.tif",121,10000,37030.1184,105549.7248,"LC",675,642,"LC","LC",1583246731.9182
"123","C:\GIS_MAPHALE\Maphale Monyeki\RLE\Terrestrial_RLE_032020\Raster version\Output Datasets\Remn_120m.tif",122,10000,2241.216,17785.8,"EN",74,64,"LC","EN",1583246870.03987
"124","C:\GIS_MAPHALE\Maphale Monyeki\RLE\Terrestrial_RLE_032020\Raster version\Output Datasets\Remn_120m.tif",123,10000,7910.8704,42382.4328,"VU",157,151,"LC","VU",1583246942.23904
"125","C:\GIS_MAPHALE\Maphale Monyeki\RLE\Terrestrial_RLE_032020\Raster version\Output Datasets\Remn_120m.tif",124,10000,65.4192,737.5392,"CR",12,9,"EN","CR",1583247050.82167
"126","C:\GIS_MAPHALE\Maphale Monyeki\RLE\Terrestrial_RLE_032020\Raster version\Output Datasets\Remn_120m.tif",125,10000,107.5968,1742.184,"CR",15,13,"EN","CR",1583247158.09071
"127","C:\GIS_MAPHALE\Maphale Monyeki\RLE\Terrestrial_RLE_032020\Raster version\Output Datasets\Remn_120m.tif",126,10000,950.2992,5016.3768,"EN",62,53,"LC","EN",1583247266.57531
"128","C:\GIS_MAPHALE\Maphale Monyeki\RLE\Terrestrial_RLE_032020\Raster version\Output Datasets\Remn_120m.tif",127,10000,860.4288,3600.2592,"EN",43,41,"VU","EN",1583247371.28391
"129","C:\GIS_MAPHALE\Maphale Monyeki\RLE\Terrestrial_RLE_032020\Raster version\Output Datasets\Remn_120m.tif",128,10000,15040.9872,48295.3824,"VU",342,319,"LC","VU",1583247477.91485
"130","C:\GIS_MAPHALE\Maphale Monyeki\RLE\Terrestrial_RLE_032020\Raster version\Output Datasets\Remn_120m.tif",129,10000,220.464,1193.3496,"CR",19,16,"EN","CR",1583247586.42301
"131","C:\GIS_MAPHALE\Maphale Monyeki\RLE\Terrestrial_RLE_032020\Raster version\Output Datasets\Remn_120m.tif",130,10000,287.5104,6196.5072,"EN",41,36,"VU","EN",1583247691.05603
"132","C:\GIS_MAPHALE\Maphale Monyeki\RLE\Terrestrial_RLE_032020\Raster version\Output Datasets\Remn_120m.tif",131,10000,149.688,1043.0136,"CR",16,13,"EN","CR",1583247797.12121
"133","C:\GIS_MAPHALE\Maphale Monyeki\RLE\Terrestrial_RLE_032020\Raster version\Output Datasets\Remn_120m.tif",132,10000,12.672,331.164,"CR",7,3,"EN","CR",1583247905.08385
"134","C:\GIS_MAPHALE\Maphale Monyeki\RLE\Terrestrial_RLE_032020\Raster version\Output Datasets\Remn_120m.tif",133,10000,388.7424,4599.5688,"EN",48,41,"VU","EN",1583248009.47995
"135","C:\GIS_MAPHALE\Maphale Monyeki\RLE\Terrestrial_RLE_032020\Raster version\Output Datasets\Remn_120m.tif",134,10000,473.472,1885.9248,"CR",36,30,"VU","CR",1583248113.16571
"136","C:\GIS_MAPHALE\Maphale Monyeki\RLE\Terrestrial_RLE_032020\Raster version\Output Datasets\Remn_120m.tif",135,10000,52.776,1803.8808,"CR",18,9,"EN","CR",1583248217.26602
"137","C:\GIS_MAPHALE\Maphale Monyeki\RLE\Terrestrial_RLE_032020\Raster version\Output Datasets\Remn_120m.tif",136,10000,7330.4064,11370.636,"EN",122,120,"LC","EN",1583248323.25881
"138","C:\GIS_MAPHALE\Maphale Monyeki\RLE\Terrestrial_RLE_032020\Raster version\Output Datasets\Remn_120m.tif",137,10000,566.208,1996.92,"CR",27,24,"VU","CR",1583248431.70747
"139","C:\GIS_MAPHALE\Maphale Monyeki\RLE\Terrestrial_RLE_032020\Raster version\Output Datasets\Remn_120m.tif",138,10000,515.7216,4430.7216,"EN",32,26,"VU","EN",1583248535.94501
"140","C:\GIS_MAPHALE\Maphale Monyeki\RLE\Terrestrial_RLE_032020\Raster version\Output Datasets\Remn_120m.tif",139,10000,1009.7856,2424.4272,"EN",31,27,"VU","EN",1583248640.49647
"141","C:\GIS_MAPHALE\Maphale Monyeki\RLE\Terrestrial_RLE_032020\Raster version\Output Datasets\Remn_120m.tif",140,10000,8.1936,12.5352,"CR",3,2,"CR","CR",1583248745.29081
"142","C:\GIS_MAPHALE\Maphale Monyeki\RLE\Terrestrial_RLE_032020\Raster version\Output Datasets\Remn_120m.tif",141,10000,3096.4896,63409.1256,"LC",243,207,"LC","LC",1583248850.05558
"143","C:\GIS_MAPHALE\Maphale Monyeki\RLE\Terrestrial_RLE_032020\Raster version\Output Datasets\Remn_120m.tif",142,10000,645.7392,2213.8056,"EN",32,26,"VU","EN",1583248958.68509
"144","C:\GIS_MAPHALE\Maphale Monyeki\RLE\Terrestrial_RLE_032020\Raster version\Output Datasets\Remn_120m.tif",143,10000,158.9472,2059.8768,"EN",21,17,"EN","EN",1583249064.42446
"145","C:\GIS_MAPHALE\Maphale Monyeki\RLE\Terrestrial_RLE_032020\Raster version\Output Datasets\Remn_120m.tif",144,10000,2288.7072,8064.6264,"EN",80,76,"LC","EN",1583249781.44593
"146","C:\GIS_MAPHALE\Maphale Monyeki\RLE\Terrestrial_RLE_032020\Raster version\Output Datasets\Remn_120m.tif",145,10000,81.6624,40116.5136,"VU",34,19,"EN","EN",1583249888.85378
"147","C:\GIS_MAPHALE\Maphale Monyeki\RLE\Terrestrial_RLE_032020\Raster version\Output Datasets\Remn_120m.tif",146,10000,1247.3856,11631.5352,"EN",74,61,"LC","EN",1583250002.38802
"148","C:\GIS_MAPHALE\Maphale Monyeki\RLE\Terrestrial_RLE_032020\Raster version\Output Datasets\Remn_120m.tif",147,10000,369.072,1249.668,"CR",21,18,"EN","CR",1583250114.1529
"149","C:\GIS_MAPHALE\Maphale Monyeki\RLE\Terrestrial_RLE_032020\Raster version\Output Datasets\Remn_120m.tif",148,10000,592.488,862.2072,"CR",14,14,"EN","CR",1583250227.06047
"150","C:\GIS_MAPHALE\Maphale Monyeki\RLE\Terrestrial_RLE_032020\Raster version\Output Datasets\Remn_120m.tif",149,10000,8565.0768,34329.0312,"VU",215,202,"LC","VU",1583250339.51875
"151","C:\GIS_MAPHALE\Maphale Monyeki\RLE\Terrestrial_RLE_032020\Raster version\Output Datasets\Remn_120m.tif",150,10000,64.0656,644.1912,"CR",13,7,"EN","CR",1583250453.855
"152","C:\GIS_MAPHALE\Maphale Monyeki\RLE\Terrestrial_RLE_032020\Raster version\Output Datasets\Remn_120m.tif",151,10000,391.1184,4380.7968,"EN",34,28,"VU","EN",1583250565.27271
"153","C:\GIS_MAPHALE\Maphale Monyeki\RLE\Terrestrial_RLE_032020\Raster version\Output Datasets\Remn_120m.tif",152,10000,395.7696,1184.3568,"CR",25,22,"VU","CR",1583250676.39021
"154","C:\GIS_MAPHALE\Maphale Monyeki\RLE\Terrestrial_RLE_032020\Raster version\Output Datasets\Remn_120m.tif",153,10000,434.3184,1148.8536,"CR",21,18,"EN","CR",1583250788.03138
"155","C:\GIS_MAPHALE\Maphale Monyeki\RLE\Terrestrial_RLE_032020\Raster version\Output Datasets\Remn_120m.tif",154,10000,5384.2176,18438.5448,"EN",165,154,"LC","EN",1583250896.58022
"156","C:\GIS_MAPHALE\Maphale Monyeki\RLE\Terrestrial_RLE_032020\Raster version\Output Datasets\Remn_120m.tif",155,10000,8149.896,51935.76,"LC",256,231,"LC","LC",1583251003.44728
"157","C:\GIS_MAPHALE\Maphale Monyeki\RLE\Terrestrial_RLE_032020\Raster version\Output Datasets\Remn_120m.tif",156,10000,210.888,1702.5624,"CR",21,20,"EN","CR",1583251109.18334
"158","C:\GIS_MAPHALE\Maphale Monyeki\RLE\Terrestrial_RLE_032020\Raster version\Output Datasets\Remn_120m.tif",157,10000,7289.928,12581.2512,"EN",120,116,"LC","EN",1583251213.62159
"159","C:\GIS_MAPHALE\Maphale Monyeki\RLE\Terrestrial_RLE_032020\Raster version\Output Datasets\Remn_120m.tif",158,10000,14205.7728,43763.796,"VU",339,320,"LC","VU",1583251318.55617
"160","C:\GIS_MAPHALE\Maphale Monyeki\RLE\Terrestrial_RLE_032020\Raster version\Output Datasets\Remn_120m.tif",159,10000,110.7072,845.5248,"CR",12,12,"EN","CR",1583251428.09765
"161","C:\GIS_MAPHALE\Maphale Monyeki\RLE\Terrestrial_RLE_032020\Raster version\Output Datasets\Remn_120m.tif",160,10000,2236.7664,16158.456,"EN",90,82,"LC","EN",1583251533.16829
"162","C:\GIS_MAPHALE\Maphale Monyeki\RLE\Terrestrial_RLE_032020\Raster version\Output Datasets\Remn_120m.tif",161,10000,56.9808,1787.0256,"CR",20,11,"EN","CR",1583251720.14966
"163","C:\GIS_MAPHALE\Maphale Monyeki\RLE\Terrestrial_RLE_032020\Raster version\Output Datasets\Remn_120m.tif",162,10000,1299.8304,6978.8016,"EN",55,48,"VU","EN",1583251829.23099
"164","C:\GIS_MAPHALE\Maphale Monyeki\RLE\Terrestrial_RLE_032020\Raster version\Output Datasets\Remn_120m.tif",163,10000,979.6176,8023.392,"EN",49,40,"VU","EN",1583251937.94956
"165","C:\GIS_MAPHALE\Maphale Monyeki\RLE\Terrestrial_RLE_032020\Raster version\Output Datasets\Remn_120m.tif",164,10000,32.04,399.1536,"CR",12,7,"EN","CR",1583252044.91698
"166","C:\GIS_MAPHALE\Maphale Monyeki\RLE\Terrestrial_RLE_032020\Raster version\Output Datasets\Remn_120m.tif",165,10000,140.8752,2490.9912,"EN",23,20,"EN","EN",1583252150.40373
"167","C:\GIS_MAPHALE\Maphale Monyeki\RLE\Terrestrial_RLE_032020\Raster version\Output Datasets\Remn_120m.tif",166,10000,4683.9024,9099.4464,"EN",88,84,"LC","EN",1583252257.7655
"168","C:\GIS_MAPHALE\Maphale Monyeki\RLE\Terrestrial_RLE_032020\Raster version\Output Datasets\Remn_120m.tif",167,10000,53.5536,254.7936,"CR",6,5,"EN","CR",1583252366.70122
"169","C:\GIS_MAPHALE\Maphale Monyeki\RLE\Terrestrial_RLE_032020\Raster version\Output Datasets\Remn_120m.tif",168,10000,765.4896,1658.6136,"CR",27,24,"VU","CR",1583252472.76524
"170","C:\GIS_MAPHALE\Maphale Monyeki\RLE\Terrestrial_RLE_032020\Raster version\Output Datasets\Remn_120m.tif",169,10000,1618.416,12233.6712,"EN",100,82,"LC","EN",1583252579.40367
"171","C:\GIS_MAPHALE\Maphale Monyeki\RLE\Terrestrial_RLE_032020\Raster version\Output Datasets\Remn_120m.tif",170,10000,611.8992,1221.5016,"CR",18,17,"EN","CR",1583252683.76419
"172","C:\GIS_MAPHALE\Maphale Monyeki\RLE\Terrestrial_RLE_032020\Raster version\Output Datasets\Remn_120m.tif",171,10000,54.6192,876.8376,"CR",14,10,"EN","CR",1583252788.24181
"173","C:\GIS_MAPHALE\Maphale Monyeki\RLE\Terrestrial_RLE_032020\Raster version\Output Datasets\Remn_120m.tif",172,10000,202.824,1731.132,"CR",20,19,"EN","CR",1583252894.42361
"174","C:\GIS_MAPHALE\Maphale Monyeki\RLE\Terrestrial_RLE_032020\Raster version\Output Datasets\Remn_120m.tif",173,10000,3707.4096,10451.16,"EN",105,102,"LC","EN",1583253000.84673
"175","C:\GIS_MAPHALE\Maphale Monyeki\RLE\Terrestrial_RLE_032020\Raster version\Output Datasets\Remn_120m.tif",174,10000,2166.0336,8576.0208,"EN",79,69,"LC","EN",1583253106.87194
"176","C:\GIS_MAPHALE\Maphale Monyeki\RLE\Terrestrial_RLE_032020\Raster version\Output Datasets\Remn_120m.tif",175,10000,4279.1616,31276.296,"VU",176,166,"LC","VU",1583253211.53083
"177","C:\GIS_MAPHALE\Maphale Monyeki\RLE\Terrestrial_RLE_032020\Raster version\Output Datasets\Remn_120m.tif",176,10000,5562.5472,12025.4112,"EN",111,104,"LC","EN",1583253317.31493
"178","C:\GIS_MAPHALE\Maphale Monyeki\RLE\Terrestrial_RLE_032020\Raster version\Output Datasets\Remn_120m.tif",177,10000,3754.8144,5289.408,"EN",63,61,"LC","EN",1583253423.15677
"179","C:\GIS_MAPHALE\Maphale Monyeki\RLE\Terrestrial_RLE_032020\Raster version\Output Datasets\Remn_120m.tif",178,10000,107.352,144.0144,"CR",6,6,"EN","CR",1583254108.02291
"180","C:\GIS_MAPHALE\Maphale Monyeki\RLE\Terrestrial_RLE_032020\Raster version\Output Datasets\Remn_120m.tif",179,10000,698.2128,8429.2128,"EN",99,76,"LC","EN",1583254220.69352
"181","C:\GIS_MAPHALE\Maphale Monyeki\RLE\Terrestrial_RLE_032020\Raster version\Output Datasets\Remn_120m.tif",180,10000,416.7792,5827.968,"EN",51,45,"VU","EN",1583254358.01064
"182","C:\GIS_MAPHALE\Maphale Monyeki\RLE\Terrestrial_RLE_032020\Raster version\Output Datasets\Remn_120m.tif",181,10000,3281.4864,41790.276,"VU",149,133,"LC","VU",1583254472.71411
"183","C:\GIS_MAPHALE\Maphale Monyeki\RLE\Terrestrial_RLE_032020\Raster version\Output Datasets\Remn_120m.tif",182,10000,1021.536,9051.2064,"EN",66,55,"LC","EN",1583254613.1857
"184","C:\GIS_MAPHALE\Maphale Monyeki\RLE\Terrestrial_RLE_032020\Raster version\Output Datasets\Remn_120m.tif",183,10000,259.0272,7371.324,"EN",76,55,"LC","EN",1583254726.48862
"185","C:\GIS_MAPHALE\Maphale Monyeki\RLE\Terrestrial_RLE_032020\Raster version\Output Datasets\Remn_120m.tif",184,10000,237.7296,1246.3776,"CR",17,14,"EN","CR",1583254838.67177
"186","C:\GIS_MAPHALE\Maphale Monyeki\RLE\Terrestrial_RLE_032020\Raster version\Output Datasets\Remn_120m.tif",185,10000,293.1264,4116.8376,"EN",35,32,"VU","EN",1583254949.71899
"187","C:\GIS_MAPHALE\Maphale Monyeki\RLE\Terrestrial_RLE_032020\Raster version\Output Datasets\Remn_120m.tif",186,10000,65.4912,3233.4192,"EN",28,23,"VU","EN",1583255060.55291
"188","C:\GIS_MAPHALE\Maphale Monyeki\RLE\Terrestrial_RLE_032020\Raster version\Output Datasets\Remn_120m.tif",187,10000,42.624,2030.04,"EN",18,14,"EN","EN",1583255165.35463
"189","C:\GIS_MAPHALE\Maphale Monyeki\RLE\Terrestrial_RLE_032020\Raster version\Output Datasets\Remn_120m.tif",188,10000,1134.8064,8674.7688,"EN",79,65,"LC","EN",1583255272.06051
"190","C:\GIS_MAPHALE\Maphale Monyeki\RLE\Terrestrial_RLE_032020\Raster version\Output Datasets\Remn_120m.tif",189,10000,777.0384,5481.7632,"EN",59,47,"VU","EN",1583255378.35912
"191","C:\GIS_MAPHALE\Maphale Monyeki\RLE\Terrestrial_RLE_032020\Raster version\Output Datasets\Remn_120m.tif",190,10000,827.928,2972.8656,"EN",31,28,"VU","EN",1583255487.55144
"192","C:\GIS_MAPHALE\Maphale Monyeki\RLE\Terrestrial_RLE_032020\Raster version\Output Datasets\Remn_120m.tif",191,10000,19.0944,59.58,"CR",2,2,"CR","CR",1583255594.64345
"193","C:\GIS_MAPHALE\Maphale Monyeki\RLE\Terrestrial_RLE_032020\Raster version\Output Datasets\Remn_120m.tif",192,10000,17290.3968,46128.5208,"VU",366,358,"LC","VU",1583255701.56083
"194","C:\GIS_MAPHALE\Maphale Monyeki\RLE\Terrestrial_RLE_032020\Raster version\Output Datasets\Remn_120m.tif",193,10000,2698.1712,16157.0592,"EN",115,108,"LC","EN",1583255828.62749
"195","C:\GIS_MAPHALE\Maphale Monyeki\RLE\Terrestrial_RLE_032020\Raster version\Output Datasets\Remn_120m.tif",194,10000,10751.832,26676.6048,"VU",193,183,"LC","VU",1583256159.8048
"196","C:\GIS_MAPHALE\Maphale Monyeki\RLE\Terrestrial_RLE_032020\Raster version\Output Datasets\Remn_120m.tif",195,10000,227.4048,4400.1936,"EN",36,29,"VU","EN",1583256272.2304
"197","C:\GIS_MAPHALE\Maphale Monyeki\RLE\Terrestrial_RLE_032020\Raster version\Output Datasets\Remn_120m.tif",196,10000,183.0672,943.2648,"CR",13,11,"EN","CR",1583256385.9496
"198","C:\GIS_MAPHALE\Maphale Monyeki\RLE\Terrestrial_RLE_032020\Raster version\Output Datasets\Remn_120m.tif",197,10000,539.64,1689.7176,"CR",28,22,"VU","CR",1583256498.65001
"199","C:\GIS_MAPHALE\Maphale Monyeki\RLE\Terrestrial_RLE_032020\Raster version\Output Datasets\Remn_120m.tif",198,10000,1930.1904,6585.5448,"EN",70,64,"LC","EN",1583256565.45425
"200","C:\GIS_MAPHALE\Maphale Monyeki\RLE\Terrestrial_RLE_032020\Raster version\Output Datasets\Remn_120m.tif",199,10000,448.4448,1984.3416,"CR",25,25,"VU","CR",1583256635.10624
"201","C:\GIS_MAPHALE\Maphale Monyeki\RLE\Terrestrial_RLE_032020\Raster version\Output Datasets\Remn_120m.tif",200,10000,5.7024,99.2664,"CR",4,3,"EN","CR",1583256741.79535
"202","C:\GIS_MAPHALE\Maphale Monyeki\RLE\Terrestrial_RLE_032020\Raster version\Output Datasets\Remn_120m.tif",201,10000,1568.1024,16225.0632,"EN",70,61,"LC","EN",1583256849.62802
"203","C:\GIS_MAPHALE\Maphale Monyeki\RLE\Terrestrial_RLE_032020\Raster version\Output Datasets\Remn_120m.tif",202,10000,548.1936,42979.6872,"VU",111,96,"LC","VU",1583256956.73157
"204","C:\GIS_MAPHALE\Maphale Monyeki\RLE\Terrestrial_RLE_032020\Raster version\Output Datasets\Remn_120m.tif",203,10000,4640.3136,54574.0128,"LC",253,218,"LC","LC",1583257063.24796
"205","C:\GIS_MAPHALE\Maphale Monyeki\RLE\Terrestrial_RLE_032020\Raster version\Output Datasets\Remn_120m.tif",204,10000,133.992,78389.1504,"LC",66,34,"VU","VU",1583257170.11247
"206","C:\GIS_MAPHALE\Maphale Monyeki\RLE\Terrestrial_RLE_032020\Raster version\Output Datasets\Remn_120m.tif",205,10000,2450.8944,7553.0952,"EN",62,58,"LC","EN",1583257298.10131
"207","C:\GIS_MAPHALE\Maphale Monyeki\RLE\Terrestrial_RLE_032020\Raster version\Output Datasets\Remn_120m.tif",206,10000,1203.0912,3445.236,"EN",43,39,"VU","EN",1583257405.86821
"208","C:\GIS_MAPHALE\Maphale Monyeki\RLE\Terrestrial_RLE_032020\Raster version\Output Datasets\Remn_120m.tif",207,10000,155.3904,1426.9104,"CR",22,17,"EN","CR",1583257510.91311
"209","C:\GIS_MAPHALE\Maphale Monyeki\RLE\Terrestrial_RLE_032020\Raster version\Output Datasets\Remn_120m.tif",208,10000,950.2992,6254.6976,"EN",37,34,"VU","EN",1583257639.26199
"210","C:\GIS_MAPHALE\Maphale Monyeki\RLE\Terrestrial_RLE_032020\Raster version\Output Datasets\Remn_120m.tif",209,10000,8879.7888,28618.9704,"VU",212,205,"LC","VU",1583257746.77142
"211","C:\GIS_MAPHALE\Maphale Monyeki\RLE\Terrestrial_RLE_032020\Raster version\Output Datasets\Remn_120m.tif",210,10000,271.8288,4167.4392,"EN",39,29,"VU","EN",1583257877.08456
"212","C:\GIS_MAPHALE\Maphale Monyeki\RLE\Terrestrial_RLE_032020\Raster version\Output Datasets\Remn_120m.tif",211,10000,6368.0256,15241.7448,"EN",153,146,"LC","EN",1583258111.31998
"213","C:\GIS_MAPHALE\Maphale Monyeki\RLE\Terrestrial_RLE_032020\Raster version\Output Datasets\Remn_120m.tif",212,10000,1599.2208,11701.6992,"EN",60,54,"LC","EN",1583258220.53597
"214","C:\GIS_MAPHALE\Maphale Monyeki\RLE\Terrestrial_RLE_032020\Raster version\Output Datasets\Remn_120m.tif",213,10000,599.7168,1300.9032,"CR",22,18,"EN","CR",1583258331.15226
"215","C:\GIS_MAPHALE\Maphale Monyeki\RLE\Terrestrial_RLE_032020\Raster version\Output Datasets\Remn_120m.tif",214,10000,598.608,6722.3376,"EN",48,40,"VU","EN",1583258436.17048
"216","C:\GIS_MAPHALE\Maphale Monyeki\RLE\Terrestrial_RLE_032020\Raster version\Output Datasets\Remn_120m.tif",215,10000,36.9216,32855.6016,"VU",30,6,"EN","EN",1583258541.78385
"217","C:\GIS_MAPHALE\Maphale Monyeki\RLE\Terrestrial_RLE_032020\Raster version\Output Datasets\Remn_120m.tif",216,10000,866.2608,8610.5088,"EN",86,71,"LC","EN",1583258671.42013
"218","C:\GIS_MAPHALE\Maphale Monyeki\RLE\Terrestrial_RLE_032020\Raster version\Output Datasets\Remn_120m.tif",217,10000,478.1376,1962.2736,"CR",27,24,"VU","CR",1583258778.72394
"219","C:\GIS_MAPHALE\Maphale Monyeki\RLE\Terrestrial_RLE_032020\Raster version\Output Datasets\Remn_120m.tif",218,10000,413.208,4907.7576,"EN",40,31,"VU","EN",1583258916.50755
"220","C:\GIS_MAPHALE\Maphale Monyeki\RLE\Terrestrial_RLE_032020\Raster version\Output Datasets\Remn_120m.tif",219,10000,876.5136,4699.9224,"EN",50,49,"VU","EN",1583259022.92842
"221","C:\GIS_MAPHALE\Maphale Monyeki\RLE\Terrestrial_RLE_032020\Raster version\Output Datasets\Remn_120m.tif",220,10000,1250.0064,7692.8976,"EN",65,62,"LC","EN",1583259154.71367
"222","C:\GIS_MAPHALE\Maphale Monyeki\RLE\Terrestrial_RLE_032020\Raster version\Output Datasets\Remn_120m.tif",221,10000,101.1168,430.9344,"CR",12,10,"EN","CR",1583259261.20153
"223","C:\GIS_MAPHALE\Maphale Monyeki\RLE\Terrestrial_RLE_032020\Raster version\Output Datasets\Remn_120m.tif",222,10000,1815.768,6225.8112,"EN",68,65,"LC","EN",1583259391.97799
"224","C:\GIS_MAPHALE\Maphale Monyeki\RLE\Terrestrial_RLE_032020\Raster version\Output Datasets\Remn_120m.tif",223,10000,2057.184,22907.3328,"VU",166,137,"LC","VU",1583259499.78914
"225","C:\GIS_MAPHALE\Maphale Monyeki\RLE\Terrestrial_RLE_032020\Raster version\Output Datasets\Remn_120m.tif",224,10000,2292.336,24477.984,"VU",190,158,"LC","VU",1583259606.94918
"226","C:\GIS_MAPHALE\Maphale Monyeki\RLE\Terrestrial_RLE_032020\Raster version\Output Datasets\Remn_120m.tif",225,10000,21818.7648,26223.0336,"VU",280,275,"LC","VU",1583259715.26147
"227","C:\GIS_MAPHALE\Maphale Monyeki\RLE\Terrestrial_RLE_032020\Raster version\Output Datasets\Remn_120m.tif",226,10000,266.1696,1219.4208,"CR",17,13,"EN","CR",1583259825.63332
"228","C:\GIS_MAPHALE\Maphale Monyeki\RLE\Terrestrial_RLE_032020\Raster version\Output Datasets\Remn_120m.tif",227,10000,145.0368,2529.7272,"EN",17,15,"EN","EN",1583259931.66404
"229","C:\GIS_MAPHALE\Maphale Monyeki\RLE\Terrestrial_RLE_032020\Raster version\Output Datasets\Remn_120m.tif",228,10000,1298.1456,8762.184,"EN",63,57,"LC","EN",1583260036.0017
"230","C:\GIS_MAPHALE\Maphale Monyeki\RLE\Terrestrial_RLE_032020\Raster version\Output Datasets\Remn_120m.tif",229,10000,1683.1584,9406.7208,"EN",68,62,"LC","EN",1583260142.64179
"231","C:\GIS_MAPHALE\Maphale Monyeki\RLE\Terrestrial_RLE_032020\Raster version\Output Datasets\Remn_120m.tif",230,10000,1890.8928,8616.3264,"EN",78,70,"LC","EN",1583260250.0157
"232","C:\GIS_MAPHALE\Maphale Monyeki\RLE\Terrestrial_RLE_032020\Raster version\Output Datasets\Remn_120m.tif",231,10000,2799.6912,4705.0848,"EN",60,56,"LC","EN",1583260355.01629
"233","C:\GIS_MAPHALE\Maphale Monyeki\RLE\Terrestrial_RLE_032020\Raster version\Output Datasets\Remn_120m.tif",232,10000,310.2768,2373.9192,"EN",29,25,"VU","EN",1583260460.54291
"234","C:\GIS_MAPHALE\Maphale Monyeki\RLE\Terrestrial_RLE_032020\Raster version\Output Datasets\Remn_120m.tif",233,10000,330.0624,1833.7968,"CR",26,24,"VU","CR",1583260566.49261
"235","C:\GIS_MAPHALE\Maphale Monyeki\RLE\Terrestrial_RLE_032020\Raster version\Output Datasets\Remn_120m.tif",234,10000,66.168,544.7304,"CR",12,7,"EN","CR",1583260697.7672
"236","C:\GIS_MAPHALE\Maphale Monyeki\RLE\Terrestrial_RLE_032020\Raster version\Output Datasets\Remn_120m.tif",235,10000,2176.4448,11296.6776,"EN",106,96,"LC","EN",1583260803.13496
"237","C:\GIS_MAPHALE\Maphale Monyeki\RLE\Terrestrial_RLE_032020\Raster version\Output Datasets\Remn_120m.tif",236,10000,149.5152,5913.5328,"EN",41,31,"VU","EN",1583260908.63645
"238","C:\GIS_MAPHALE\Maphale Monyeki\RLE\Terrestrial_RLE_032020\Raster version\Output Datasets\Remn_120m.tif",237,10000,8061.9984,13594.0824,"EN",143,138,"LC","EN",1583261013.43052
"239","C:\GIS_MAPHALE\Maphale Monyeki\RLE\Terrestrial_RLE_032020\Raster version\Output Datasets\Remn_120m.tif",238,10000,524.5632,1455.6456,"CR",23,21,"VU","CR",1583261119.41018
"240","C:\GIS_MAPHALE\Maphale Monyeki\RLE\Terrestrial_RLE_032020\Raster version\Output Datasets\Remn_120m.tif",239,10000,287.0208,7915.0608,"EN",22,19,"EN","EN",1583261225.32865
"241","C:\GIS_MAPHALE\Maphale Monyeki\RLE\Terrestrial_RLE_032020\Raster version\Output Datasets\Remn_120m.tif",240,10000,2898.504,12561.5016,"EN",114,104,"LC","EN",1583261334.83497
"242","C:\GIS_MAPHALE\Maphale Monyeki\RLE\Terrestrial_RLE_032020\Raster version\Output Datasets\Remn_120m.tif",241,10000,735.12,2549.6928,"EN",39,32,"VU","EN",1583261442.88184
"243","C:\GIS_MAPHALE\Maphale Monyeki\RLE\Terrestrial_RLE_032020\Raster version\Output Datasets\Remn_120m.tif",242,10000,253.5408,6571.2672,"EN",37,26,"VU","EN",1583261548.49004
"244","C:\GIS_MAPHALE\Maphale Monyeki\RLE\Terrestrial_RLE_032020\Raster version\Output Datasets\Remn_120m.tif",243,10000,646.5744,6667.3656,"EN",56,47,"VU","EN",1583261656.02634
"245","C:\GIS_MAPHALE\Maphale Monyeki\RLE\Terrestrial_RLE_032020\Raster version\Output Datasets\Remn_120m.tif",244,10000,4595.4,17245.908,"EN",149,136,"LC","EN",1583261763.20574
"246","C:\GIS_MAPHALE\Maphale Monyeki\RLE\Terrestrial_RLE_032020\Raster version\Output Datasets\Remn_120m.tif",245,10000,887.6304,6903.54,"EN",57,48,"VU","EN",1583261869.8534
"247","C:\GIS_MAPHALE\Maphale Monyeki\RLE\Terrestrial_RLE_032020\Raster version\Output Datasets\Remn_120m.tif",246,10000,7349.4288,39267.0864,"VU",230,204,"LC","VU",1583261976.58226
"248","C:\GIS_MAPHALE\Maphale Monyeki\RLE\Terrestrial_RLE_032020\Raster version\Output Datasets\Remn_120m.tif",247,10000,1209.2256,37826.28,"VU",254,196,"LC","VU",1583262084.56148
"249","C:\GIS_MAPHALE\Maphale Monyeki\RLE\Terrestrial_RLE_032020\Raster version\Output Datasets\Remn_120m.tif",248,10000,1109.7936,6270.5232,"EN",57,50,"VU","EN",1583262215.24049
"250","C:\GIS_MAPHALE\Maphale Monyeki\RLE\Terrestrial_RLE_032020\Raster version\Output Datasets\Remn_120m.tif",249,10000,9.3168,2669.4144,"EN",30,0,"CR","CR",1583262321.92191
"251","C:\GIS_MAPHALE\Maphale Monyeki\RLE\Terrestrial_RLE_032020\Raster version\Output Datasets\Remn_120m.tif",250,10000,534.9168,1098.3024,"CR",20,18,"EN","CR",1583262427.02421
"252","C:\GIS_MAPHALE\Maphale Monyeki\RLE\Terrestrial_RLE_032020\Raster version\Output Datasets\Remn_120m.tif",251,10000,425.0304,2417.6304,"EN",21,19,"EN","EN",1583262757.52441
"253","C:\GIS_MAPHALE\Maphale Monyeki\RLE\Terrestrial_RLE_032020\Raster version\Output Datasets\Remn_120m.tif",252,10000,2552.2704,13767.0048,"EN",104,95,"LC","EN",1583262866.0074
"254","C:\GIS_MAPHALE\Maphale Monyeki\RLE\Terrestrial_RLE_032020\Raster version\Output Datasets\Remn_120m.tif",253,10000,1.008,1.1736,"CR",2,0,"CR","CR",1583262978.02777
"255","C:\GIS_MAPHALE\Maphale Monyeki\RLE\Terrestrial_RLE_032020\Raster version\Output Datasets\Remn_120m.tif",254,10000,0.3024,51.2856,"CR",4,0,"CR","CR",1583263088.15371
"256","C:\GIS_MAPHALE\Maphale Monyeki\RLE\Terrestrial_RLE_032020\Raster version\Output Datasets\Remn_120m.tif",255,10000,433.9008,2693.6928,"EN",27,24,"VU","EN",1583263193.25529
"257","C:\GIS_MAPHALE\Maphale Monyeki\RLE\Terrestrial_RLE_032020\Raster version\Output Datasets\Remn_120m.tif",256,10000,362.0592,1295.28,"CR",18,16,"EN","CR",1583263297.07978
"258","C:\GIS_MAPHALE\Maphale Monyeki\RLE\Terrestrial_RLE_032020\Raster version\Output Datasets\Remn_120m.tif",257,10000,334.8864,4272.516,"EN",31,25,"VU","EN",1583263401.86297
"259","C:\GIS_MAPHALE\Maphale Monyeki\RLE\Terrestrial_RLE_032020\Raster version\Output Datasets\Remn_120m.tif",258,10000,197.1648,3601.4832,"EN",24,20,"EN","EN",1583263506.9715
"260","C:\GIS_MAPHALE\Maphale Monyeki\RLE\Terrestrial_RLE_032020\Raster version\Output Datasets\Remn_120m.tif",259,10000,105.8256,703.9368,"CR",13,9,"EN","CR",1583263612.99286
"261","C:\GIS_MAPHALE\Maphale Monyeki\RLE\Terrestrial_RLE_032020\Raster version\Output Datasets\Remn_120m.tif",260,10000,333.3168,473.4216,"CR",9,8,"EN","CR",1583263719.15446
"262","C:\GIS_MAPHALE\Maphale Monyeki\RLE\Terrestrial_RLE_032020\Raster version\Output Datasets\Remn_120m.tif",261,10000,106.3008,238546.8072,"LC",11,10,"EN","EN",1583263822.98656
"263","C:\GIS_MAPHALE\Maphale Monyeki\RLE\Terrestrial_RLE_032020\Raster version\Output Datasets\Remn_120m.tif",262,10000,674.4816,859915.4688,"LC",236,89,"LC","LC",1583263927.08878
"264","C:\GIS_MAPHALE\Maphale Monyeki\RLE\Terrestrial_RLE_032020\Raster version\Output Datasets\Remn_120m.tif",263,10000,2.9952,35035.5456,"VU",11,0,"CR","CR",1583264030.04001
"265","C:\GIS_MAPHALE\Maphale Monyeki\RLE\Terrestrial_RLE_032020\Raster version\Output Datasets\Remn_120m.tif",264,10000,0.8496,4.8456,"CR",1,0,"CR","CR",1583264135.74326
"266","C:\GIS_MAPHALE\Maphale Monyeki\RLE\Terrestrial_RLE_032020\Raster version\Output Datasets\Remn_120m.tif",265,10000,34.6896,680529.8088,"LC",48,10,"EN","EN",1583264241.17738
"267","C:\GIS_MAPHALE\Maphale Monyeki\RLE\Terrestrial_RLE_032020\Raster version\Output Datasets\Remn_120m.tif",266,10000,0.3312,1899.2016,"CR",6,0,"CR","CR",1583264347.13102
"268","C:\GIS_MAPHALE\Maphale Monyeki\RLE\Terrestrial_RLE_032020\Raster version\Output Datasets\Remn_120m.tif",267,10000,96.0624,677879.5896,"LC",61,18,"EN","EN",1583264453.23906
"269","C:\GIS_MAPHALE\Maphale Monyeki\RLE\Terrestrial_RLE_032020\Raster version\Output Datasets\Remn_120m.tif",268,10000,216.9072,1714.2192,"CR",26,20,"EN","CR",1583264557.02199
"270","C:\GIS_MAPHALE\Maphale Monyeki\RLE\Terrestrial_RLE_032020\Raster version\Output Datasets\Remn_120m.tif",269,10000,371.664,1023.5088,"CR",19,13,"EN","CR",1583264898.05353
"271","C:\GIS_MAPHALE\Maphale Monyeki\RLE\Terrestrial_RLE_032020\Raster version\Output Datasets\Remn_120m.tif",270,10000,331.0992,694.5624,"CR",14,14,"EN","CR",1583265010.3133
"272","C:\GIS_MAPHALE\Maphale Monyeki\RLE\Terrestrial_RLE_032020\Raster version\Output Datasets\Remn_120m.tif",271,10000,910.08,7884.144,"EN",60,52,"LC","EN",1583265120.46696
"273","C:\GIS_MAPHALE\Maphale Monyeki\RLE\Terrestrial_RLE_032020\Raster version\Output Datasets\Remn_120m.tif",272,10000,735.4368,1779.0984,"CR",30,26,"VU","CR",1583265227.16453
"274","C:\GIS_MAPHALE\Maphale Monyeki\RLE\Terrestrial_RLE_032020\Raster version\Output Datasets\Remn_120m.tif",273,10000,317.9232,1068.1848,"CR",21,18,"EN","CR",1583265332.15836
"275","C:\GIS_MAPHALE\Maphale Monyeki\RLE\Terrestrial_RLE_032020\Raster version\Output Datasets\Remn_120m.tif",274,10000,520.5168,1500.3072,"CR",21,19,"EN","CR",1583265436.21697
"276","C:\GIS_MAPHALE\Maphale Monyeki\RLE\Terrestrial_RLE_032020\Raster version\Output Datasets\Remn_120m.tif",275,10000,846.288,4461.804,"EN",47,43,"VU","EN",1583265541.53147
"277","C:\GIS_MAPHALE\Maphale Monyeki\RLE\Terrestrial_RLE_032020\Raster version\Output Datasets\Remn_120m.tif",276,10000,162.1152,159851.1312,"LC",185,51,"LC","LC",1583265646.34361
"278","C:\GIS_MAPHALE\Maphale Monyeki\RLE\Terrestrial_RLE_032020\Raster version\Output Datasets\Remn_120m.tif",277,10000,517.8096,25620.0624,"VU",140,85,"LC","VU",1583265751.92047
"279","C:\GIS_MAPHALE\Maphale Monyeki\RLE\Terrestrial_RLE_032020\Raster version\Output Datasets\Remn_120m.tif",278,10000,1119.1392,6761.6424,"EN",56,47,"VU","EN",1583265858.46217
"280","C:\GIS_MAPHALE\Maphale Monyeki\RLE\Terrestrial_RLE_032020\Raster version\Output Datasets\Remn_120m.tif",279,10000,9.4176,5164.236,"EN",16,4,"EN","EN",1583265966.50689
"281","C:\GIS_MAPHALE\Maphale Monyeki\RLE\Terrestrial_RLE_032020\Raster version\Output Datasets\Remn_120m.tif",280,10000,355.1472,3129.372,"EN",37,24,"VU","EN",1583266070.73927
"282","C:\GIS_MAPHALE\Maphale Monyeki\RLE\Terrestrial_RLE_032020\Raster version\Output Datasets\Remn_120m.tif",281,10000,764.1504,12553.9488,"EN",60,48,"VU","EN",1583266175.66555
"283","C:\GIS_MAPHALE\Maphale Monyeki\RLE\Terrestrial_RLE_032020\Raster version\Output Datasets\Remn_120m.tif",282,10000,27.36,13731.84,"EN",48,9,"EN","EN",1583266280.19501
"284","C:\GIS_MAPHALE\Maphale Monyeki\RLE\Terrestrial_RLE_032020\Raster version\Output Datasets\Remn_120m.tif",283,10000,258.6816,8814.8088,"EN",67,52,"LC","EN",1583266387.11371
"285","C:\GIS_MAPHALE\Maphale Monyeki\RLE\Terrestrial_RLE_032020\Raster version\Output Datasets\Remn_120m.tif",284,10000,1670.2848,4498.7976,"EN",44,41,"VU","EN",1583266494.26676
"286","C:\GIS_MAPHALE\Maphale Monyeki\RLE\Terrestrial_RLE_032020\Raster version\Output Datasets\Remn_120m.tif",285,10000,4262.7456,24880.104,"VU",195,169,"LC","VU",1583266599.66392
"287","C:\GIS_MAPHALE\Maphale Monyeki\RLE\Terrestrial_RLE_032020\Raster version\Output Datasets\Remn_120m.tif",286,10000,1330.776,4847.5584,"EN",50,44,"VU","EN",1583266783.03825
"288","C:\GIS_MAPHALE\Maphale Monyeki\RLE\Terrestrial_RLE_032020\Raster version\Output Datasets\Remn_120m.tif",287,10000,286.3152,47211.5304,"VU",111,51,"LC","VU",1583266888.53454
"289","C:\GIS_MAPHALE\Maphale Monyeki\RLE\Terrestrial_RLE_032020\Raster version\Output Datasets\Remn_120m.tif",288,10000,244.3968,290.3472,"CR",5,5,"EN","CR",1583267018.30606
"290","C:\GIS_MAPHALE\Maphale Monyeki\RLE\Terrestrial_RLE_032020\Raster version\Output Datasets\Remn_120m.tif",289,10000,326.7792,2186.5824,"EN",24,19,"EN","EN",1583267124.50424
"291","C:\GIS_MAPHALE\Maphale Monyeki\RLE\Terrestrial_RLE_032020\Raster version\Output Datasets\Remn_120m.tif",290,10000,526.5792,812.1672,"CR",16,14,"EN","CR",1583267254.71325
"292","C:\GIS_MAPHALE\Maphale Monyeki\RLE\Terrestrial_RLE_032020\Raster version\Output Datasets\Remn_120m.tif",291,10000,39883.248,88501.7376,"LC",653,635,"LC","LC",1583267362.61808
"293","C:\GIS_MAPHALE\Maphale Monyeki\RLE\Terrestrial_RLE_032020\Raster version\Output Datasets\Remn_120m.tif",292,10000,282.8304,3859.8192,"EN",28,23,"VU","EN",1583267500.55627
"294","C:\GIS_MAPHALE\Maphale Monyeki\RLE\Terrestrial_RLE_032020\Raster version\Output Datasets\Remn_120m.tif",293,10000,3690.1872,14427.792,"EN",132,124,"LC","EN",1583267566.86768
"295","C:\GIS_MAPHALE\Maphale Monyeki\RLE\Terrestrial_RLE_032020\Raster version\Output Datasets\Remn_120m.tif",294,10000,761.9184,1930.8456,"CR",28,27,"VU","CR",1583267672.38238
"296","C:\GIS_MAPHALE\Maphale Monyeki\RLE\Terrestrial_RLE_032020\Raster version\Output Datasets\Remn_120m.tif",295,10000,181.3968,1311.0696,"CR",11,9,"EN","CR",1583267739.6758
"297","C:\GIS_MAPHALE\Maphale Monyeki\RLE\Terrestrial_RLE_032020\Raster version\Output Datasets\Remn_120m.tif",296,10000,1760.1984,8352.5976,"EN",63,57,"LC","EN",1583267843.2306
"298","C:\GIS_MAPHALE\Maphale Monyeki\RLE\Terrestrial_RLE_032020\Raster version\Output Datasets\Remn_120m.tif",297,10000,470.9664,2776.7016,"EN",25,25,"VU","EN",1583267948.6976
"299","C:\GIS_MAPHALE\Maphale Monyeki\RLE\Terrestrial_RLE_032020\Raster version\Output Datasets\Remn_120m.tif",298,10000,8442.3024,20739.7944,"VU",192,177,"LC","VU",1583268056.36704
"300","C:\GIS_MAPHALE\Maphale Monyeki\RLE\Terrestrial_RLE_032020\Raster version\Output Datasets\Remn_120m.tif",299,10000,123.0912,210.132,"CR",7,5,"EN","CR",1583268187.01155
"301","C:\GIS_MAPHALE\Maphale Monyeki\RLE\Terrestrial_RLE_032020\Raster version\Output Datasets\Remn_120m.tif",300,10000,553.4208,3773.1096,"EN",37,31,"VU","EN",1583268292.28117
"302","C:\GIS_MAPHALE\Maphale Monyeki\RLE\Terrestrial_RLE_032020\Raster version\Output Datasets\Remn_120m.tif",301,10000,324.4608,6318.576,"EN",37,25,"VU","EN",1583268396.20591
"303","C:\GIS_MAPHALE\Maphale Monyeki\RLE\Terrestrial_RLE_032020\Raster version\Output Datasets\Remn_120m.tif",302,10000,1054.7136,3368.4912,"EN",38,37,"VU","EN",1583268500.94896
"304","C:\GIS_MAPHALE\Maphale Monyeki\RLE\Terrestrial_RLE_032020\Raster version\Output Datasets\Remn_120m.tif",303,10000,2009.5344,11671.3872,"EN",109,100,"LC","EN",1583268630.96601
"305","C:\GIS_MAPHALE\Maphale Monyeki\RLE\Terrestrial_RLE_032020\Raster version\Output Datasets\Remn_120m.tif",304,10000,31.9104,412.7544,"CR",10,5,"EN","CR",1583268738.49503
"306","C:\GIS_MAPHALE\Maphale Monyeki\RLE\Terrestrial_RLE_032020\Raster version\Output Datasets\Remn_120m.tif",305,10000,203.9472,482.1912,"CR",13,12,"EN","CR",1583268845.64229
"307","C:\GIS_MAPHALE\Maphale Monyeki\RLE\Terrestrial_RLE_032020\Raster version\Output Datasets\Remn_120m.tif",306,10000,5.4864,18.072,"CR",3,1,"CR","CR",1583268950.24451
"308","C:\GIS_MAPHALE\Maphale Monyeki\RLE\Terrestrial_RLE_032020\Raster version\Output Datasets\Remn_120m.tif",307,10000,2.8656,39.06,"CR",3,1,"CR","CR",1583269055.58763
"309","C:\GIS_MAPHALE\Maphale Monyeki\RLE\Terrestrial_RLE_032020\Raster version\Output Datasets\Remn_120m.tif",308,10000,2035.4976,4418.8776,"EN",48,46,"VU","EN",1583269160.25636
"310","C:\GIS_MAPHALE\Maphale Monyeki\RLE\Terrestrial_RLE_032020\Raster version\Output Datasets\Remn_120m.tif",309,10000,0.5472,1107.3024,"CR",5,0,"CR","CR",1583269267.53271
"311","C:\GIS_MAPHALE\Maphale Monyeki\RLE\Terrestrial_RLE_032020\Raster version\Output Datasets\Remn_120m.tif",310,10000,372.1248,853.2144,"CR",15,13,"EN","CR",1583269373.5952
"312","C:\GIS_MAPHALE\Maphale Monyeki\RLE\Terrestrial_RLE_032020\Raster version\Output Datasets\Remn_120m.tif",311,10000,419.3712,496.3176,"CR",10,9,"EN","CR",1583269480.42464
"313","C:\GIS_MAPHALE\Maphale Monyeki\RLE\Terrestrial_RLE_032020\Raster version\Output Datasets\Remn_120m.tif",312,10000,651.9744,2011.5072,"EN",28,26,"VU","EN",1583269585.231
"314","C:\GIS_MAPHALE\Maphale Monyeki\RLE\Terrestrial_RLE_032020\Raster version\Output Datasets\Remn_120m.tif",313,10000,2568.2256,6836.3712,"EN",77,70,"LC","EN",1583269689.38839
"315","C:\GIS_MAPHALE\Maphale Monyeki\RLE\Terrestrial_RLE_032020\Raster version\Output Datasets\Remn_120m.tif",314,10000,648.2448,3074.22,"EN",42,35,"VU","EN",1583269793.54038
"316","C:\GIS_MAPHALE\Maphale Monyeki\RLE\Terrestrial_RLE_032020\Raster version\Output Datasets\Remn_120m.tif",315,10000,888.0912,1533.7512,"CR",24,22,"VU","CR",1583269898.57362
"317","C:\GIS_MAPHALE\Maphale Monyeki\RLE\Terrestrial_RLE_032020\Raster version\Output Datasets\Remn_120m.tif",316,10000,19.584,105.804,"CR",4,3,"EN","CR",1583270003.30781
"318","C:\GIS_MAPHALE\Maphale Monyeki\RLE\Terrestrial_RLE_032020\Raster version\Output Datasets\Remn_120m.tif",317,10000,100.6272,159.5304,"CR",7,7,"EN","CR",1583270108.38669
"319","C:\GIS_MAPHALE\Maphale Monyeki\RLE\Terrestrial_RLE_032020\Raster version\Output Datasets\Remn_120m.tif",318,10000,829.368,5798.664,"EN",40,37,"VU","EN",1583270215.26312
"320","C:\GIS_MAPHALE\Maphale Monyeki\RLE\Terrestrial_RLE_032020\Raster version\Output Datasets\Remn_120m.tif",319,10000,625.6224,2069.388,"EN",28,23,"VU","EN",1583270321.34084
"321","C:\GIS_MAPHALE\Maphale Monyeki\RLE\Terrestrial_RLE_032020\Raster version\Output Datasets\Remn_120m.tif",320,10000,2519.064,5490.1512,"EN",62,59,"LC","EN",1583270440.85791
"322","C:\GIS_MAPHALE\Maphale Monyeki\RLE\Terrestrial_RLE_032020\Raster version\Output Datasets\Remn_120m.tif",321,10000,3003.912,6838.1064,"EN",76,73,"LC","EN",1583270546.24243
"323","C:\GIS_MAPHALE\Maphale Monyeki\RLE\Terrestrial_RLE_032020\Raster version\Output Datasets\Remn_120m.tif",322,10000,4431.6432,46051.1712,"VU",194,180,"LC","VU",1583270651.6855
"324","C:\GIS_MAPHALE\Maphale Monyeki\RLE\Terrestrial_RLE_032020\Raster version\Output Datasets\Remn_120m.tif",323,10000,361.296,504.5832,"CR",9,8,"EN","CR",1583270756.89378
"325","C:\GIS_MAPHALE\Maphale Monyeki\RLE\Terrestrial_RLE_032020\Raster version\Output Datasets\Remn_120m.tif",324,10000,316.4112,1248.516,"CR",21,20,"EN","CR",1583270862.02523
"326","C:\GIS_MAPHALE\Maphale Monyeki\RLE\Terrestrial_RLE_032020\Raster version\Output Datasets\Remn_120m.tif",325,10000,565.8624,985.752,"CR",18,15,"EN","CR",1583270967.69624
"327","C:\GIS_MAPHALE\Maphale Monyeki\RLE\Terrestrial_RLE_032020\Raster version\Output Datasets\Remn_120m.tif",326,10000,442.0368,1230.156,"CR",20,19,"EN","CR",1583271073.96278
"328","C:\GIS_MAPHALE\Maphale Monyeki\RLE\Terrestrial_RLE_032020\Raster version\Output Datasets\Remn_120m.tif",327,10000,156.456,839.7936,"CR",15,13,"EN","CR",1583271178.68818
"329","C:\GIS_MAPHALE\Maphale Monyeki\RLE\Terrestrial_RLE_032020\Raster version\Output Datasets\Remn_120m.tif",328,10000,134.3808,239.3352,"CR",5,4,"EN","CR",1583271284.79283
"330","C:\GIS_MAPHALE\Maphale Monyeki\RLE\Terrestrial_RLE_032020\Raster version\Output Datasets\Remn_120m.tif",329,10000,14.0976,154.4976,"CR",5,3,"EN","CR",1583271392.93998
"331","C:\GIS_MAPHALE\Maphale Monyeki\RLE\Terrestrial_RLE_032020\Raster version\Output Datasets\Remn_120m.tif",330,10000,18.9072,24.2208,"CR",2,1,"CR","CR",1583271500.23003
"332","C:\GIS_MAPHALE\Maphale Monyeki\RLE\Terrestrial_RLE_032020\Raster version\Output Datasets\Remn_120m.tif",331,10000,502.2,2817.396,"EN",30,26,"VU","EN",1583271607.19908
"333","C:\GIS_MAPHALE\Maphale Monyeki\RLE\Terrestrial_RLE_032020\Raster version\Output Datasets\Remn_120m.tif",332,10000,5238.7056,12480.7464,"EN",104,99,"LC","EN",1583271713.04581
"334","C:\GIS_MAPHALE\Maphale Monyeki\RLE\Terrestrial_RLE_032020\Raster version\Output Datasets\Remn_120m.tif",333,10000,3153.1824,12818.7648,"EN",92,81,"LC","EN",1583271817.89952
"335","C:\GIS_MAPHALE\Maphale Monyeki\RLE\Terrestrial_RLE_032020\Raster version\Output Datasets\Remn_120m.tif",334,10000,5157.7488,10453.6296,"EN",101,98,"LC","EN",1583271922.17557
"336","C:\GIS_MAPHALE\Maphale Monyeki\RLE\Terrestrial_RLE_032020\Raster version\Output Datasets\Remn_120m.tif",335,10000,128.8656,211.2408,"CR",5,4,"EN","CR",1583272026.93611
"337","C:\GIS_MAPHALE\Maphale Monyeki\RLE\Terrestrial_RLE_032020\Raster version\Output Datasets\Remn_120m.tif",336,10000,50.4864,64.3464,"CR",4,3,"EN","CR",1583272131.71024
"338","C:\GIS_MAPHALE\Maphale Monyeki\RLE\Terrestrial_RLE_032020\Raster version\Output Datasets\Remn_120m.tif",337,10000,29.736,6163.3584,"EN",39,11,"EN","EN",1583272260.55263
"339","C:\GIS_MAPHALE\Maphale Monyeki\RLE\Terrestrial_RLE_032020\Raster version\Output Datasets\Remn_120m.tif",338,10000,593.4816,5139.2376,"EN",54,44,"VU","EN",1583273882.08859
"340","C:\GIS_MAPHALE\Maphale Monyeki\RLE\Terrestrial_RLE_032020\Raster version\Output Datasets\Remn_120m.tif",339,10000,80.64,1094.9688,"CR",18,12,"EN","CR",1583273993.77867
"341","C:\GIS_MAPHALE\Maphale Monyeki\RLE\Terrestrial_RLE_032020\Raster version\Output Datasets\Remn_120m.tif",340,10000,49.68,782.4168,"CR",14,10,"EN","CR",1583274105.10231
"342","C:\GIS_MAPHALE\Maphale Monyeki\RLE\Terrestrial_RLE_032020\Raster version\Output Datasets\Remn_120m.tif",341,10000,889.8768,2068.6896,"EN",32,28,"VU","EN",1583274218.84707
"343","C:\GIS_MAPHALE\Maphale Monyeki\RLE\Terrestrial_RLE_032020\Raster version\Output Datasets\Remn_120m.tif",342,10000,244.224,4725.1368,"EN",49,32,"VU","EN",1583274331.45906
"344","C:\GIS_MAPHALE\Maphale Monyeki\RLE\Terrestrial_RLE_032020\Raster version\Output Datasets\Remn_120m.tif",343,10000,16.1712,38.304,"CR",5,3,"EN","CR",1583274443.55523
"345","C:\GIS_MAPHALE\Maphale Monyeki\RLE\Terrestrial_RLE_032020\Raster version\Output Datasets\Remn_120m.tif",344,10000,948.7008,178621.488,"LC",307,186,"LC","LC",1583274555.24303
"346","C:\GIS_MAPHALE\Maphale Monyeki\RLE\Terrestrial_RLE_032020\Raster version\Output Datasets\Remn_120m.tif",345,10000,4103.0064,14837.6088,"EN",105,97,"LC","EN",1583274665.4247
"347","C:\GIS_MAPHALE\Maphale Monyeki\RLE\Terrestrial_RLE_032020\Raster version\Output Datasets\Remn_120m.tif",346,10000,987.5232,3014.0928,"EN",41,36,"VU","EN",1583274776.40593
"348","C:\GIS_MAPHALE\Maphale Monyeki\RLE\Terrestrial_RLE_032020\Raster version\Output Datasets\Remn_120m.tif",347,10000,857.1168,2577.5928,"EN",37,32,"VU","EN",1583274887.0255
"349","C:\GIS_MAPHALE\Maphale Monyeki\RLE\Terrestrial_RLE_032020\Raster version\Output Datasets\Remn_120m.tif",348,10000,1809.6336,6039.4248,"EN",56,52,"LC","EN",1583274996.02371
"350","C:\GIS_MAPHALE\Maphale Monyeki\RLE\Terrestrial_RLE_032020\Raster version\Output Datasets\Remn_120m.tif",349,10000,1173.5712,4639.1976,"EN",57,51,"LC","EN",1583275107.68957
"351","C:\GIS_MAPHALE\Maphale Monyeki\RLE\Terrestrial_RLE_032020\Raster version\Output Datasets\Remn_120m.tif",350,10000,2796.2352,13741.3224,"EN",116,104,"LC","EN",1583275218.33542
"352","C:\GIS_MAPHALE\Maphale Monyeki\RLE\Terrestrial_RLE_032020\Raster version\Output Datasets\Remn_120m.tif",351,10000,919.512,11274.5664,"EN",72,58,"LC","EN",1583275330.57545
"353","C:\GIS_MAPHALE\Maphale Monyeki\RLE\Terrestrial_RLE_032020\Raster version\Output Datasets\Remn_120m.tif",352,10000,315.6336,779.1696,"CR",17,14,"EN","CR",1583275441.8949
"354","C:\GIS_MAPHALE\Maphale Monyeki\RLE\Terrestrial_RLE_032020\Raster version\Output Datasets\Remn_120m.tif",353,10000,286.9056,583.776,"CR",12,12,"EN","CR",1583275553.64741
"355","C:\GIS_MAPHALE\Maphale Monyeki\RLE\Terrestrial_RLE_032020\Raster version\Output Datasets\Remn_120m.tif",354,10000,1183.0752,5386.8096,"EN",53,53,"LC","EN",1583275959.43384
"356","C:\GIS_MAPHALE\Maphale Monyeki\RLE\Terrestrial_RLE_032020\Raster version\Output Datasets\Remn_120m.tif",355,10000,1052.8992,4155.9552,"EN",50,43,"VU","EN",1583276067.72233
"357","C:\GIS_MAPHALE\Maphale Monyeki\RLE\Terrestrial_RLE_032020\Raster version\Output Datasets\Remn_120m.tif",356,10000,385.7184,1168.7544,"CR",20,16,"EN","CR",1583276183.07383
"358","C:\GIS_MAPHALE\Maphale Monyeki\RLE\Terrestrial_RLE_032020\Raster version\Output Datasets\Remn_120m.tif",357,10000,333.504,1128.996,"CR",18,15,"EN","CR",1583276296.51159
"359","C:\GIS_MAPHALE\Maphale Monyeki\RLE\Terrestrial_RLE_032020\Raster version\Output Datasets\Remn_120m.tif",358,10000,1082.8656,4344.2712,"EN",57,49,"VU","EN",1583276408.59039
"360","C:\GIS_MAPHALE\Maphale Monyeki\RLE\Terrestrial_RLE_032020\Raster version\Output Datasets\Remn_120m.tif",359,10000,617.9616,125193.1824,"LC",99,57,"LC","LC",1583276518.20233
"361","C:\GIS_MAPHALE\Maphale Monyeki\RLE\Terrestrial_RLE_032020\Raster version\Output Datasets\Remn_120m.tif",360,10000,65.0016,1306.2888,"CR",12,5,"EN","CR",1583276656.04277
"362","C:\GIS_MAPHALE\Maphale Monyeki\RLE\Terrestrial_RLE_032020\Raster version\Output Datasets\Remn_120m.tif",361,10000,150.9696,51503.7096,"LC",39,16,"EN","EN",1583276765.84526
"363","C:\GIS_MAPHALE\Maphale Monyeki\RLE\Terrestrial_RLE_032020\Raster version\Output Datasets\Remn_120m.tif",362,10000,6013.9296,27705.7512,"VU",188,175,"LC","VU",1583276901.01121
"364","C:\GIS_MAPHALE\Maphale Monyeki\RLE\Terrestrial_RLE_032020\Raster version\Output Datasets\Remn_120m.tif",363,10000,2134.872,121633.2144,"LC",208,169,"LC","LC",1583277011.34114
"365","C:\GIS_MAPHALE\Maphale Monyeki\RLE\Terrestrial_RLE_032020\Raster version\Output Datasets\Remn_120m.tif",364,10000,4569.4224,78106.1328,"LC",387,334,"LC","LC",1583277118.54258
"366","C:\GIS_MAPHALE\Maphale Monyeki\RLE\Terrestrial_RLE_032020\Raster version\Output Datasets\Remn_120m.tif",365,10000,1030.4496,5745.24,"EN",58,48,"VU","EN",1583277247.57036
"367","C:\GIS_MAPHALE\Maphale Monyeki\RLE\Terrestrial_RLE_032020\Raster version\Output Datasets\Remn_120m.tif",366,10000,2254.5216,5644.0728,"EN",68,58,"LC","EN",1583277354.72488
"368","C:\GIS_MAPHALE\Maphale Monyeki\RLE\Terrestrial_RLE_032020\Raster version\Output Datasets\Remn_120m.tif",367,10000,881.6256,151877.7288,"LC",364,184,"LC","LC",1583277459.0723
"369","C:\GIS_MAPHALE\Maphale Monyeki\RLE\Terrestrial_RLE_032020\Raster version\Output Datasets\Remn_120m.tif",368,10000,343.1232,499.0248,"CR",11,11,"EN","CR",1583277584.76369
"370","C:\GIS_MAPHALE\Maphale Monyeki\RLE\Terrestrial_RLE_032020\Raster version\Output Datasets\Remn_120m.tif",369,10000,908.2368,3906.108,"EN",49,44,"VU","EN",1583277714.46056
"371","C:\GIS_MAPHALE\Maphale Monyeki\RLE\Terrestrial_RLE_032020\Raster version\Output Datasets\Remn_120m.tif",370,10000,365.5152,1249.9632,"CR",15,14,"EN","CR",1583277835.88425
"372","C:\GIS_MAPHALE\Maphale Monyeki\RLE\Terrestrial_RLE_032020\Raster version\Output Datasets\Remn_120m.tif",371,10000,722.2464,1627.5384,"CR",24,24,"VU","CR",1583277942.79474
"373","C:\GIS_MAPHALE\Maphale Monyeki\RLE\Terrestrial_RLE_032020\Raster version\Output Datasets\Remn_120m.tif",372,10000,304.0416,675.7128,"CR",14,12,"EN","CR",1583278050.38983
"374","C:\GIS_MAPHALE\Maphale Monyeki\RLE\Terrestrial_RLE_032020\Raster version\Output Datasets\Remn_120m.tif",373,10000,3072.8736,8524.7712,"EN",82,79,"LC","EN",1583278156.65103
"375","C:\GIS_MAPHALE\Maphale Monyeki\RLE\Terrestrial_RLE_032020\Raster version\Output Datasets\Remn_120m.tif",374,10000,91.2384,795.7584,"CR",12,10,"EN","CR",1583278262.64675
"376","C:\GIS_MAPHALE\Maphale Monyeki\RLE\Terrestrial_RLE_032020\Raster version\Output Datasets\Remn_120m.tif",375,10000,5696.5392,26782.1784,"VU",226,215,"LC","VU",1583278367.12544
"377","C:\GIS_MAPHALE\Maphale Monyeki\RLE\Terrestrial_RLE_032020\Raster version\Output Datasets\Remn_120m.tif",376,10000,3997.728,14127.7392,"EN",145,136,"LC","EN",1583278472.83562
"378","C:\GIS_MAPHALE\Maphale Monyeki\RLE\Terrestrial_RLE_032020\Raster version\Output Datasets\Remn_120m.tif",377,10000,223.5024,3680.7984,"EN",25,20,"EN","EN",1583278576.83176
"379","C:\GIS_MAPHALE\Maphale Monyeki\RLE\Terrestrial_RLE_032020\Raster version\Output Datasets\Remn_120m.tif",378,10000,2644.1136,5644.1304,"EN",64,62,"LC","EN",1583278680.26734
"380","C:\GIS_MAPHALE\Maphale Monyeki\RLE\Terrestrial_RLE_032020\Raster version\Output Datasets\Remn_120m.tif",379,10000,1895.6736,4508.8992,"EN",52,51,"LC","EN",1583278785.8892
"381","C:\GIS_MAPHALE\Maphale Monyeki\RLE\Terrestrial_RLE_032020\Raster version\Output Datasets\Remn_120m.tif",380,10000,772.7904,3446.532,"EN",44,39,"VU","EN",1583278891.65466
"382","C:\GIS_MAPHALE\Maphale Monyeki\RLE\Terrestrial_RLE_032020\Raster version\Output Datasets\Remn_120m.tif",381,10000,65.7936,162.3384,"CR",5,5,"EN","CR",1583278998.59314
"383","C:\GIS_MAPHALE\Maphale Monyeki\RLE\Terrestrial_RLE_032020\Raster version\Output Datasets\Remn_120m.tif",382,10000,49.1472,250.7472,"CR",9,6,"EN","CR",1583279105.99676
"384","C:\GIS_MAPHALE\Maphale Monyeki\RLE\Terrestrial_RLE_032020\Raster version\Output Datasets\Remn_120m.tif",383,10000,2409.3936,5020.4016,"EN",57,54,"LC","EN",1583279212.81612
"385","C:\GIS_MAPHALE\Maphale Monyeki\RLE\Terrestrial_RLE_032020\Raster version\Output Datasets\Remn_120m.tif",384,10000,261.792,1976.8536,"CR",20,20,"EN","CR",1583279318.83343
"386","C:\GIS_MAPHALE\Maphale Monyeki\RLE\Terrestrial_RLE_032020\Raster version\Output Datasets\Remn_120m.tif",385,10000,862.2864,318962.2536,"LC",145,88,"LC","LC",1583279426.40213
"387","C:\GIS_MAPHALE\Maphale Monyeki\RLE\Terrestrial_RLE_032020\Raster version\Output Datasets\Remn_120m.tif",386,10000,12.0528,18432.5328,"EN",18,4,"EN","EN",1583279533.14735
"388","C:\GIS_MAPHALE\Maphale Monyeki\RLE\Terrestrial_RLE_032020\Raster version\Output Datasets\Remn_120m.tif",387,10000,26.4096,35337.4272,"VU",97,5,"EN","EN",1583279865.41096
"389","C:\GIS_MAPHALE\Maphale Monyeki\RLE\Terrestrial_RLE_032020\Raster version\Output Datasets\Remn_120m.tif",388,10000,5543.1936,17335.3176,"EN",149,142,"LC","EN",1583279976.3303
"390","C:\GIS_MAPHALE\Maphale Monyeki\RLE\Terrestrial_RLE_032020\Raster version\Output Datasets\Remn_120m.tif",389,10000,517.6944,5637.2544,"EN",37,29,"VU","EN",1583280090.92447
"391","C:\GIS_MAPHALE\Maphale Monyeki\RLE\Terrestrial_RLE_032020\Raster version\Output Datasets\Remn_120m.tif",390,10000,1705.5648,7116.2568,"EN",67,62,"LC","EN",1583280202.43146
"392","C:\GIS_MAPHALE\Maphale Monyeki\RLE\Terrestrial_RLE_032020\Raster version\Output Datasets\Remn_120m.tif",391,10000,670.7952,3884.5944,"EN",45,42,"VU","EN",1583280308.42751
"393","C:\GIS_MAPHALE\Maphale Monyeki\RLE\Terrestrial_RLE_032020\Raster version\Output Datasets\Remn_120m.tif",392,10000,277.6176,2905.8768,"EN",40,30,"VU","EN",1583280413.52822
"394","C:\GIS_MAPHALE\Maphale Monyeki\RLE\Terrestrial_RLE_032020\Raster version\Output Datasets\Remn_120m.tif",393,10000,73.1376,18030.168,"EN",56,23,"VU","EN",1583280519.93729
"395","C:\GIS_MAPHALE\Maphale Monyeki\RLE\Terrestrial_RLE_032020\Raster version\Output Datasets\Remn_120m.tif",394,10000,50.7888,1097.568,"CR",17,11,"EN","CR",1583280625.03578
"396","C:\GIS_MAPHALE\Maphale Monyeki\RLE\Terrestrial_RLE_032020\Raster version\Output Datasets\Remn_120m.tif",395,10000,63.6192,923.6664,"CR",14,12,"EN","CR",1583280730.90832
"397","C:\GIS_MAPHALE\Maphale Monyeki\RLE\Terrestrial_RLE_032020\Raster version\Output Datasets\Remn_120m.tif",396,10000,265.3632,1238.3568,"CR",23,20,"EN","CR",1583280837.26362
"398","C:\GIS_MAPHALE\Maphale Monyeki\RLE\Terrestrial_RLE_032020\Raster version\Output Datasets\Remn_120m.tif",397,10000,144.0144,2303.1216,"EN",28,23,"VU","EN",1583280941.64005
"399","C:\GIS_MAPHALE\Maphale Monyeki\RLE\Terrestrial_RLE_032020\Raster version\Output Datasets\Remn_120m.tif",398,10000,36.792,719.3376,"CR",12,8,"EN","CR",1583281044.54126
"400","C:\GIS_MAPHALE\Maphale Monyeki\RLE\Terrestrial_RLE_032020\Raster version\Output Datasets\Remn_120m.tif",399,10000,160.5888,3524.3208,"EN",38,28,"VU","EN",1583281148.86127
"401","C:\GIS_MAPHALE\Maphale Monyeki\RLE\Terrestrial_RLE_032020\Raster version\Output Datasets\Remn_120m.tif",400,10000,509.6304,10498.8024,"EN",108,91,"LC","EN",1583281252.54414
"402","C:\GIS_MAPHALE\Maphale Monyeki\RLE\Terrestrial_RLE_032020\Raster version\Output Datasets\Remn_120m.tif",401,10000,13.4784,6653.016,"EN",48,2,"CR","CR",1583281358.88649
"403","C:\GIS_MAPHALE\Maphale Monyeki\RLE\Terrestrial_RLE_032020\Raster version\Output Datasets\Remn_120m.tif",402,10000,1618.9488,3406.4352,"EN",42,39,"VU","EN",1583281465.97692
"404","C:\GIS_MAPHALE\Maphale Monyeki\RLE\Terrestrial_RLE_032020\Raster version\Output Datasets\Remn_120m.tif",403,10000,557.2512,1743.4584,"CR",27,23,"VU","CR",1583281574.25031
"405","C:\GIS_MAPHALE\Maphale Monyeki\RLE\Terrestrial_RLE_032020\Raster version\Output Datasets\Remn_120m.tif",404,10000,3426.2928,17702.0424,"EN",134,117,"LC","EN",1583281696.35196
"406","C:\GIS_MAPHALE\Maphale Monyeki\RLE\Terrestrial_RLE_032020\Raster version\Output Datasets\Remn_120m.tif",405,10000,393.336,3606.1344,"EN",42,34,"VU","EN",1583281801.10868
"407","C:\GIS_MAPHALE\Maphale Monyeki\RLE\Terrestrial_RLE_032020\Raster version\Output Datasets\Remn_120m.tif",406,10000,1314.504,5559.7608,"EN",49,45,"VU","EN",1583281904.98369
"408","C:\GIS_MAPHALE\Maphale Monyeki\RLE\Terrestrial_RLE_032020\Raster version\Output Datasets\Remn_120m.tif",407,10000,6935.8032,13624.6032,"EN",132,125,"LC","EN",1583282009.9322
"409","C:\GIS_MAPHALE\Maphale Monyeki\RLE\Terrestrial_RLE_032020\Raster version\Output Datasets\Remn_120m.tif",408,10000,1990.0656,12001.1832,"EN",98,87,"LC","EN",1583282116.72366
"410","C:\GIS_MAPHALE\Maphale Monyeki\RLE\Terrestrial_RLE_032020\Raster version\Output Datasets\Remn_120m.tif",409,10000,4173.9552,27172.6776,"VU",222,200,"LC","VU",1583282223.3089
"411","C:\GIS_MAPHALE\Maphale Monyeki\RLE\Terrestrial_RLE_032020\Raster version\Output Datasets\Remn_120m.tif",410,10000,3.2256,3.5856,"CR",1,1,"CR","CR",1583282331.75586
"412","C:\GIS_MAPHALE\Maphale Monyeki\RLE\Terrestrial_RLE_032020\Raster version\Output Datasets\Remn_120m.tif",411,10000,874.8864,2673.0936,"EN",35,34,"VU","EN",1583282438.23664
"413","C:\GIS_MAPHALE\Maphale Monyeki\RLE\Terrestrial_RLE_032020\Raster version\Output Datasets\Remn_120m.tif",412,10000,30.3552,57.0168,"CR",5,3,"EN","CR",1583282544.30754
"414","C:\GIS_MAPHALE\Maphale Monyeki\RLE\Terrestrial_RLE_032020\Raster version\Output Datasets\Remn_120m.tif",413,10000,1614.312,8183.16,"EN",78,73,"LC","EN",1583282651.20107
"415","C:\GIS_MAPHALE\Maphale Monyeki\RLE\Terrestrial_RLE_032020\Raster version\Output Datasets\Remn_120m.tif",414,10000,1939.9968,5104.3608,"EN",58,56,"LC","EN",1583282759.1434
"416","C:\GIS_MAPHALE\Maphale Monyeki\RLE\Terrestrial_RLE_032020\Raster version\Output Datasets\Remn_120m.tif",415,10000,909.864,3832.3872,"EN",50,40,"VU","EN",1583282864.47345
"417","C:\GIS_MAPHALE\Maphale Monyeki\RLE\Terrestrial_RLE_032020\Raster version\Output Datasets\Remn_120m.tif",416,10000,451.3824,5380.4232,"EN",44,39,"VU","EN",1583282970.82854
"418","C:\GIS_MAPHALE\Maphale Monyeki\RLE\Terrestrial_RLE_032020\Raster version\Output Datasets\Remn_120m.tif",417,10000,4730.7456,12535.6968,"EN",110,104,"LC","EN",1583283077.19594
"419","C:\GIS_MAPHALE\Maphale Monyeki\RLE\Terrestrial_RLE_032020\Raster version\Output Datasets\Remn_120m.tif",418,10000,2979.5616,7668.6336,"EN",74,70,"LC","EN",1583283183.86082
"420","C:\GIS_MAPHALE\Maphale Monyeki\RLE\Terrestrial_RLE_032020\Raster version\Output Datasets\Remn_120m.tif",419,10000,1579.176,3104.2656,"EN",50,46,"VU","EN",1583283291.25126
"421","C:\GIS_MAPHALE\Maphale Monyeki\RLE\Terrestrial_RLE_032020\Raster version\Output Datasets\Remn_120m.tif",420,10000,3738.3408,13539.096,"EN",129,124,"LC","EN",1583283399.40639
"422","C:\GIS_MAPHALE\Maphale Monyeki\RLE\Terrestrial_RLE_032020\Raster version\Output Datasets\Remn_120m.tif",421,10000,1790.9136,9459.6048,"EN",74,69,"LC","EN",1583283690.94687
"423","C:\GIS_MAPHALE\Maphale Monyeki\RLE\Terrestrial_RLE_032020\Raster version\Output Datasets\Remn_120m.tif",422,10000,1344.6288,8331.6312,"EN",52,44,"VU","EN",1583283802.06048
"424","C:\GIS_MAPHALE\Maphale Monyeki\RLE\Terrestrial_RLE_032020\Raster version\Output Datasets\Remn_120m.tif",423,10000,432.8352,606.168,"CR",14,11,"EN","CR",1583283915.49984
"425","C:\GIS_MAPHALE\Maphale Monyeki\RLE\Terrestrial_RLE_032020\Raster version\Output Datasets\Remn_120m.tif",424,10000,16.848,42.3432,"CR",3,3,"EN","CR",1583284025.1402
"426","C:\GIS_MAPHALE\Maphale Monyeki\RLE\Terrestrial_RLE_032020\Raster version\Output Datasets\Remn_120m.tif",425,10000,1108.1952,5879.0664,"EN",56,47,"VU","EN",1583284133.58467
"427","C:\GIS_MAPHALE\Maphale Monyeki\RLE\Terrestrial_RLE_032020\Raster version\Output Datasets\Remn_120m.tif",426,10000,191.4912,306.72,"CR",8,7,"EN","CR",1583284242.10207
"428","C:\GIS_MAPHALE\Maphale Monyeki\RLE\Terrestrial_RLE_032020\Raster version\Output Datasets\Remn_120m.tif",427,10000,1255.0608,43270.9416,"VU",127,113,"LC","VU",1583284348.21236
"429","C:\GIS_MAPHALE\Maphale Monyeki\RLE\Terrestrial_RLE_032020\Raster version\Output Datasets\Remn_120m.tif",428,10000,11710.512,97568.6616,"LC",676,604,"LC","LC",1583284455.70963
"430","C:\GIS_MAPHALE\Maphale Monyeki\RLE\Terrestrial_RLE_032020\Raster version\Output Datasets\Remn_120m.tif",429,10000,6328.5984,51308.1288,"LC",392,364,"LC","LC",1583284583.01592
"431","C:\GIS_MAPHALE\Maphale Monyeki\RLE\Terrestrial_RLE_032020\Raster version\Output Datasets\Remn_120m.tif",430,10000,245.5488,410.3784,"CR",12,10,"EN","CR",1583284715.3108
"432","C:\GIS_MAPHALE\Maphale Monyeki\RLE\Terrestrial_RLE_032020\Raster version\Output Datasets\Remn_120m.tif",431,10000,1418.9616,18726.12,"EN",118,100,"LC","EN",1583284824.20385
"433","C:\GIS_MAPHALE\Maphale Monyeki\RLE\Terrestrial_RLE_032020\Raster version\Output Datasets\Remn_120m.tif",432,10000,835.5312,4003.056,"EN",40,36,"VU","EN",1583284936.551
"434","C:\GIS_MAPHALE\Maphale Monyeki\RLE\Terrestrial_RLE_032020\Raster version\Output Datasets\Remn_120m.tif",433,10000,196.56,2140.7112,"EN",22,20,"EN","EN",1583285050.14111
"435","C:\GIS_MAPHALE\Maphale Monyeki\RLE\Terrestrial_RLE_032020\Raster version\Output Datasets\Remn_120m.tif",434,10000,185.2416,3518.7048,"EN",22,17,"EN","EN",1583285165.63578
"436","C:\GIS_MAPHALE\Maphale Monyeki\RLE\Terrestrial_RLE_032020\Raster version\Output Datasets\Remn_120m.tif",435,10000,0.3168,0.2376,"CR",1,0,"CR","CR",1583285278.9669
"437","C:\GIS_MAPHALE\Maphale Monyeki\RLE\Terrestrial_RLE_032020\Raster version\Output Datasets\Remn_120m.tif",436,10000,423.8064,1667.5776,"CR",23,20,"EN","CR",1583285391.7031
"438","C:\GIS_MAPHALE\Maphale Monyeki\RLE\Terrestrial_RLE_032020\Raster version\Output Datasets\Remn_120m.tif",437,10000,18.4464,19.1016,"CR",4,2,"CR","CR",1583285500.51031
"439","C:\GIS_MAPHALE\Maphale Monyeki\RLE\Terrestrial_RLE_032020\Raster version\Output Datasets\Remn_120m.tif",438,10000,2989.0224,7426.476,"EN",70,67,"LC","EN",1583285632.32938
"440","C:\GIS_MAPHALE\Maphale Monyeki\RLE\Terrestrial_RLE_032020\Raster version\Output Datasets\Remn_120m.tif",439,10000,507.2544,14872.9392,"EN",45,38,"VU","EN",1583285738.68183
"441","C:\GIS_MAPHALE\Maphale Monyeki\RLE\Terrestrial_RLE_032020\Raster version\Output Datasets\Remn_120m.tif",440,10000,8188.7904,20241.7848,"VU",189,181,"LC","VU",1583285845.38194
"442","C:\GIS_MAPHALE\Maphale Monyeki\RLE\Terrestrial_RLE_032020\Raster version\Output Datasets\Remn_120m.tif",441,10000,37.3392,4692.0888,"EN",20,10,"EN","EN",1583285953.24119
"443","C:\GIS_MAPHALE\Maphale Monyeki\RLE\Terrestrial_RLE_032020\Raster version\Output Datasets\Remn_120m.tif",442,10000,101.6208,867.3048,"CR",11,7,"EN","CR",1583286060.28563
"444","C:\GIS_MAPHALE\Maphale Monyeki\RLE\Terrestrial_RLE_032020\Raster version\Output Datasets\Remn_120m.tif",443,10000,128.8512,13019.3568,"EN",75,47,"VU","EN",1583286168.45099
"445","C:\GIS_MAPHALE\Maphale Monyeki\RLE\Terrestrial_RLE_032020\Raster version\Output Datasets\Remn_120m.tif",444,10000,5355.7344,15393.8016,"EN",134,121,"LC","EN",1583286275.11132
"446","C:\GIS_MAPHALE\Maphale Monyeki\RLE\Terrestrial_RLE_032020\Raster version\Output Datasets\Remn_120m.tif",445,10000,385.7616,835.056,"CR",15,12,"EN","CR",1583286382.90757
"447","C:\GIS_MAPHALE\Maphale Monyeki\RLE\Terrestrial_RLE_032020\Raster version\Output Datasets\Remn_120m.tif",446,10000,196.3872,379.1448,"CR",8,8,"EN","CR",1583286514.32479
"448","C:\GIS_MAPHALE\Maphale Monyeki\RLE\Terrestrial_RLE_032020\Raster version\Output Datasets\Remn_120m.tif",447,10000,124.1856,262.5912,"CR",6,5,"EN","CR",1583286621.73114
"449","C:\GIS_MAPHALE\Maphale Monyeki\RLE\Terrestrial_RLE_032020\Raster version\Output Datasets\Remn_120m.tif",448,10000,744.12,1681.2432,"CR",22,20,"EN","CR",1583286751.20318
"450","C:\GIS_MAPHALE\Maphale Monyeki\RLE\Terrestrial_RLE_032020\Raster version\Output Datasets\Remn_120m.tif",449,10000,1518.0912,14385.4992,"EN",147,132,"LC","EN",1583286856.92129
"451","C:\GIS_MAPHALE\Maphale Monyeki\RLE\Terrestrial_RLE_032020\Raster version\Output Datasets\Remn_120m.tif",450,10000,1857.24,4154.04,"EN",55,48,"VU","EN",1583286986.39882
"452","C:\GIS_MAPHALE\Maphale Monyeki\RLE\Terrestrial_RLE_032020\Raster version\Output Datasets\Remn_120m.tif",451,10000,3944.7792,10250.8704,"EN",102,93,"LC","EN",1583287092.59508
"453","C:\GIS_MAPHALE\Maphale Monyeki\RLE\Terrestrial_RLE_032020\Raster version\Output Datasets\Remn_120m.tif",452,10000,661.3344,5134.8816,"EN",53,49,"VU","EN",1583287198.41649
"454","C:\GIS_MAPHALE\Maphale Monyeki\RLE\Terrestrial_RLE_032020\Raster version\Output Datasets\Remn_120m.tif",453,10000,83.9952,765.4824,"CR",10,8,"EN","CR",1583287301.86983
"455","C:\GIS_MAPHALE\Maphale Monyeki\RLE\Terrestrial_RLE_032020\Raster version\Output Datasets\Remn_120m.tif",454,10000,160.2144,1840.9752,"CR",28,25,"VU","CR",1583287406.51063
"456","C:\GIS_MAPHALE\Maphale Monyeki\RLE\Terrestrial_RLE_032020\Raster version\Output Datasets\Remn_120m.tif",455,10000,6009.192,15560.7912,"EN",137,131,"LC","EN",1583287608.24661
"457","C:\GIS_MAPHALE\Maphale Monyeki\RLE\Terrestrial_RLE_032020\Raster version\Output Datasets\Remn_120m.tif",456,10000,17006.1696,27559.4688,"VU",258,249,"LC","VU",1583287719.89718
"458","C:\GIS_MAPHALE\Maphale Monyeki\RLE\Terrestrial_RLE_032020\Raster version\Output Datasets\Remn_120m.tif",457,10000,2227.2624,7207.92,"EN",72,69,"LC","EN",1583287830.50349
"459","C:\GIS_MAPHALE\Maphale Monyeki\RLE\Terrestrial_RLE_032020\Raster version\Output Datasets\Remn_120m.tif",458,10000,1296.072,22896.1872,"VU",128,110,"LC","VU",1583287937.76507
"460","C:\GIS_MAPHALE\Maphale Monyeki\RLE\Terrestrial_RLE_032020\Raster version\Output Datasets\Remn_120m.tif",459,10000,1052.6544,2223.0216,"EN",32,30,"VU","EN",1583288042.39614
"461","C:\GIS_MAPHALE\Maphale Monyeki\RLE\Terrestrial_RLE_032020\Raster version\Output Datasets\Remn_120m.tif",460,10000,242.712,1107.6912,"CR",16,13,"EN","CR",1583288175.53548
"462","C:\GIS_MAPHALE\Maphale Monyeki\RLE\Terrestrial_RLE_032020\Raster version\Output Datasets\Remn_120m.tif",461,10000,107.8272,876.024,"CR",13,12,"EN","CR",1583288285.12317
"463","C:\GIS_MAPHALE\Maphale Monyeki\RLE\Terrestrial_RLE_032020\Raster version\Output Datasets\Remn_120m.tif",462,10000,12394.5552,22547.8512,"VU",219,204,"LC","VU",1583288390.68669
"464","C:\GIS_MAPHALE\Maphale Monyeki\RLE\Terrestrial_RLE_032020\Raster version\Output Datasets\Remn_120m.tif",463,10000,2728.872,11898.6696,"EN",99,94,"LC","EN",1583288497.10359
"465","C:\GIS_MAPHALE\Maphale Monyeki\RLE\Terrestrial_RLE_032020\Raster version\Output Datasets\Remn_120m.tif",464,10000,2853.3888,9341.5824,"EN",86,84,"LC","EN",1583288601.71796
"466","C:\GIS_MAPHALE\Maphale Monyeki\RLE\Terrestrial_RLE_032020\Raster version\Output Datasets\Remn_120m.tif",465,10000,184.6368,910.0512,"CR",19,16,"EN","CR",1583288708.03028
"467","C:\GIS_MAPHALE\Maphale Monyeki\RLE\Terrestrial_RLE_032020\Raster version\Output Datasets\Remn_120m.tif",466,10000,5745.0528,26998.4808,"VU",166,153,"LC","VU",1583288814.92198
"468","C:\GIS_MAPHALE\Maphale Monyeki\RLE\Terrestrial_RLE_032020\Raster version\Output Datasets\Remn_120m.tif",999,10000,279029.2464,1539400.0392,"LC",12472,9425,"LC","LC",1583288923.03167
