<?xml version="1.0" encoding="UTF-8"?>
<metadata xml:lang="en"><Esri><CreaDate>20210928</CreaDate><CreaTime>12240800</CreaTime><ArcGISFormat>1.0</ArcGISFormat><SyncOnce>TRUE</SyncOnce><DataProperties><itemProps><itemLocation><linkage Sync="TRUE">file://\\CPTLTP0194\C$\Maphale Monyeki Projects\ALS Computer\Terrestrial_RLE_032020\Raster version\Rscripts\GitHub RLE scripts\Criterion B\VM120m_rasterValues</linkage><protocol Sync="TRUE">Local Area Network</protocol></itemLocation></itemProps><copyHistory><copy source="C:\Maphale Monyeki Projects\ALS Computer\Terrestrial_RLE_032020\Raster version\DBFs\VM120m_rasterValues" dest="\\CPTLTP0194\C$\Maphale Monyeki Projects\ALS Computer\Terrestrial_RLE_032020\Raster version\Rscripts\GitHub RLE scripts\Criterion B\VM120m_rasterValues" date="20210928" time="12240800"></copy></copyHistory></DataProperties></Esri></metadata>
