<?xml version="1.0" encoding="UTF-8"?>
<metadata xml:lang="en"><Esri><CreaDate>20210928</CreaDate><CreaTime>12275700</CreaTime><ArcGISFormat>1.0</ArcGISFormat><SyncOnce>TRUE</SyncOnce><DataProperties><lineage><Process Name="Tabulate Area" ToolSource="c:\program files (x86)\arcgis\desktop10.4\ArcToolbox\Toolboxes\Spatial Analyst Tools.tbx\TabulateArea" Date="20200304" Time="145837">TabulateArea "C:\GIS_MAPHALE\Maphale Monyeki\RLE\Terrestrial_RLE_032020\Raster version\Output Datasets\VM30m_22_7" NAME_18 HM60_AEA CHAN90to18 "C:\GIS_MAPHALE\Maphale Monyeki\RLE\Terrestrial_RLE_032020\Raster version\DBFs\VM30m_HM60_AEA_TabArea.dbf" 30</Process><Process ToolSource="c:\program files (x86)\arcgis\desktop10.4\ArcToolbox\Toolboxes\Data Management Tools.tbx\CalculateField" Date="20200306" Time="100915">CalculateField VM30m_HM60_AEA_TabArea Value "!OID! +1" PYTHON_9.3 #</Process></lineage><itemProps><itemLocation><linkage Sync="TRUE">file://\\CPTLTP0194\C$\Maphale Monyeki Projects\ALS Computer\Terrestrial_RLE_032020\Raster version\Rscripts\GitHub RLE scripts\Criterion A\VM30m_HM60_AEA_TabArea</linkage><protocol Sync="TRUE">Local Area Network</protocol></itemLocation></itemProps><copyHistory><copy source="C:\Maphale Monyeki Projects\ALS Computer\Terrestrial_RLE_032020\Raster version\DBFs\VM30m_HM60_AEA_TabArea" dest="\\CPTLTP0194\C$\Maphale Monyeki Projects\ALS Computer\Terrestrial_RLE_032020\Raster version\Rscripts\GitHub RLE scripts\Criterion A\VM30m_HM60_AEA_TabArea" date="20210928" time="12275700"></copy></copyHistory></DataProperties></Esri></metadata>
