<?xml version="1.0" encoding="UTF-8"?>
<metadata xml:lang="en"><Esri><CreaDate>20210928</CreaDate><CreaTime>12261100</CreaTime><ArcGISFormat>1.0</ArcGISFormat><SyncOnce>TRUE</SyncOnce><DataProperties><lineage><Process Name="Tabulate Area" ToolSource="c:\program files (x86)\arcgis\desktop10.4\ArcToolbox\Toolboxes\Spatial Analyst Tools.tbx\TabulateArea" Date="20200310" Time="095956">TabulateArea "C:\GIS_MAPHALE\Maphale Monyeki\RLE\Terrestrial_RLE_032020\Raster version\Output Datasets\VM30m_22_7" NAME_18 HM60_L1_ALT HM60_ALTv2d "C:\GIS_MAPHALE\Maphale Monyeki\RLE\Terrestrial_RLE_032020\Raster version\DBFs\VM30m_HM60_L1_ALT_A3_Deg_TabArea.dbf" 30</Process></lineage><itemProps><itemLocation><linkage Sync="TRUE">file://\\CPTLTP0194\C$\Maphale Monyeki Projects\ALS Computer\Terrestrial_RLE_032020\Raster version\Rscripts\GitHub RLE scripts\Supplementary assessments sub-criterion A3 &amp; D3\VM30m_HM60_L1_ALT_A3_Deg_TabArea</linkage><protocol Sync="TRUE">Local Area Network</protocol></itemLocation></itemProps><copyHistory><copy source="C:\Maphale Monyeki Projects\ALS Computer\Terrestrial_RLE_032020\Raster version\DBFs\VM30m_HM60_L1_ALT_A3_Deg_TabArea" dest="\\CPTLTP0194\C$\Maphale Monyeki Projects\ALS Computer\Terrestrial_RLE_032020\Raster version\Rscripts\GitHub RLE scripts\Supplementary assessments sub-criterion A3 &amp; D3\VM30m_HM60_L1_ALT_A3_Deg_TabArea" date="20210928" time="12261100"></copy></copyHistory></DataProperties></Esri></metadata>
